<?xml version="1.0"?>
<metadata xml:lang="en"><Esri><CreaDate>20230914</CreaDate><CreaTime>15374400</CreaTime><ArcGISFormat>1.0</ArcGISFormat><SyncOnce>FALSE</SyncOnce><DataProperties><itemProps><itemName Sync="TRUE">SALURBAL_L1_CityCenter_PublicIDs20230914</itemName><itemLocation><linkage Sync="TRUE">file://\\SOPH-U704-WD04\D$\SALURBAL\forSALURBALPortalLocal\SALURBAL_L1_CityCenter_PublicIDs20230914.shp</linkage><protocol Sync="TRUE">Local Area Network</protocol></itemLocation><nativeExtBox><westBL Sync="TRUE">-117.018930</westBL><eastBL Sync="TRUE">-34.872446</eastBL><southBL Sync="TRUE">-53.163174</southBL><northBL Sync="TRUE">32.639913</northBL><exTypeCode Sync="TRUE">1</exTypeCode></nativeExtBox><itemSize Sync="TRUE">0.010</itemSize><imsContentType>002</imsContentType></itemProps><coordRef><type Sync="TRUE">Geographic</type><geogcsn Sync="TRUE">GCS_WGS_1984</geogcsn><csUnits Sync="TRUE">Angular Unit: Degree (0.017453)</csUnits><peXml Sync="TRUE">&lt;GeographicCoordinateSystem xsi:type='typens:GeographicCoordinateSystem' xmlns:xsi='http://www.w3.org/2001/XMLSchema-instance' xmlns:xs='http://www.w3.org/2001/XMLSchema' xmlns:typens='http://www.esri.com/schemas/ArcGIS/3.1.0'&gt;&lt;WKT&gt;GEOGCS[&amp;quot;GCS_WGS_1984&amp;quot;,DATUM[&amp;quot;D_WGS_1984&amp;quot;,SPHEROID[&amp;quot;WGS_1984&amp;quot;,6378137.0,298.257223563]],PRIMEM[&amp;quot;Greenwich&amp;quot;,0.0],UNIT[&amp;quot;Degree&amp;quot;,0.0174532925199433],AUTHORITY[&amp;quot;EPSG&amp;quot;,4326]]&lt;/WKT&gt;&lt;XOrigin&gt;-400&lt;/XOrigin&gt;&lt;YOrigin&gt;-400&lt;/YOrigin&gt;&lt;XYScale&gt;11258999068426.238&lt;/XYScale&gt;&lt;ZOrigin&gt;-100000&lt;/ZOrigin&gt;&lt;ZScale&gt;10000&lt;/ZScale&gt;&lt;MOrigin&gt;-100000&lt;/MOrigin&gt;&lt;MScale&gt;10000&lt;/MScale&gt;&lt;XYTolerance&gt;8.983152841195215e-09&lt;/XYTolerance&gt;&lt;ZTolerance&gt;0.001&lt;/ZTolerance&gt;&lt;MTolerance&gt;0.001&lt;/MTolerance&gt;&lt;HighPrecision&gt;true&lt;/HighPrecision&gt;&lt;LeftLongitude&gt;-180&lt;/LeftLongitude&gt;&lt;WKID&gt;4326&lt;/WKID&gt;&lt;LatestWKID&gt;4326&lt;/LatestWKID&gt;&lt;/GeographicCoordinateSystem&gt;</peXml></coordRef><lineage><Process ToolSource="c:\program files\arcgis\pro\Resources\ArcToolbox\toolboxes\Conversion Tools.tbx\FeatureClassToFeatureClass" Date="20210104" Time="094550" Name="" export="">FeatureClassToFeatureClass GoogleCityCenter C:\Users\sjmel\Documents\ArcGIS\Projects\SALURBAL_CityPoints\SALURBAL_CityPoints.gdb SALURBAL_L1_CityCenter # "SALID1 "SALID1" true true false 10 Long 0 10,First,#,GoogleCityCenter,SALID1,-1,-1;L1Name "L1Name" true true false 254 Text 0 0,First,#,GoogleCityCenter,L1Name,0,254;Country "Country" true true false 254 Text 0 0,First,#,GoogleCityCenter,Country,0,254;x "x" true true false 19 Double 0 0,First,#,GoogleCityCenter,x,-1,-1;y "y" true true false 19 Double 0 0,First,#,GoogleCityCenter,y,-1,-1" #</Process><Process ToolSource="c:\program files\arcgis\pro\Resources\ArcToolbox\toolboxes\Data Management Tools.tbx\UpdateSchema" Date="20210104" Time="094716" Name="" export="">UpdateSchema "CIMDATA=&lt;CIMStandardDataConnection xsi:type='typens:CIMStandardDataConnection' xmlns:xsi='http://www.w3.org/2001/XMLSchema-instance' xmlns:xs='http://www.w3.org/2001/XMLSchema' xmlns:typens='http://www.esri.com/schemas/ArcGIS/2.7.0'&gt;&lt;WorkspaceConnectionString&gt;DATABASE=C:\Users\sjmel\Documents\ArcGIS\Projects\SALURBAL_CityPoints\SALURBAL_CityPoints.gdb&lt;/WorkspaceConnectionString&gt;&lt;WorkspaceFactory&gt;FileGDB&lt;/WorkspaceFactory&gt;&lt;Dataset&gt;SALURBAL_L1_CityCenter&lt;/Dataset&gt;&lt;DatasetType&gt;esriDTFeatureClass&lt;/DatasetType&gt;&lt;/CIMStandardDataConnection&gt;" &lt;operationSequence&gt;&lt;workflow&gt;&lt;AlterField&gt;&lt;field_name&gt;x&lt;/field_name&gt;&lt;new_field_name&gt;BEC_CityCenterLong&lt;/new_field_name&gt;&lt;field_is_nullable&gt;True&lt;/field_is_nullable&gt;&lt;clear_field_alias&gt;False&lt;/clear_field_alias&gt;&lt;/AlterField&gt;&lt;/workflow&gt;&lt;workflow&gt;&lt;AlterField&gt;&lt;field_name&gt;y&lt;/field_name&gt;&lt;new_field_name&gt;BEC_CityCenterLat&lt;/new_field_name&gt;&lt;field_is_nullable&gt;True&lt;/field_is_nullable&gt;&lt;clear_field_alias&gt;False&lt;/clear_field_alias&gt;&lt;/AlterField&gt;&lt;/workflow&gt;&lt;/operationSequence&gt;</Process><Process ToolSource="c:\program files\arcgis\pro\Resources\ArcToolbox\toolboxes\Data Management Tools.tbx\AddRelate" Date="20221007" Time="143028" Name="" export="">AddRelate SALURBAL_L1_CityCenter SALID1 data1665086820232 id1 Relate1 "One to many"</Process><Process ToolSource="c:\program files\arcgis\pro\Resources\ArcToolbox\toolboxes\Data Management Tools.tbx\RemoveRelate" Date="20221007" Time="143237" Name="" export="">RemoveRelate SALURBAL_L1_CityCenter #</Process><Process ToolSource="c:\program files\arcgis\pro\Resources\ArcToolbox\Toolboxes\Data Management Tools.tbx\CopyMultiple" Date="20230824" Time="113526" Name="" export="">CopyMultiple "'W:\Projects\Wellcome_Trust\Data Methods Core\Geodatabases\SALURBAL_1_4_21\SALURBAL_L1_1_4_21.gdb\SALURBAL_L1_CityCenter' FeatureClass" C:\Users\nmr325\Documents\ArcGIS\Projects\SALURBAL\SALURBAL.gdb SALURBAL_L1_CityCenter "SALURBAL_L1_CityCenter FeatureClass SALURBAL_L1_CityCenter #"</Process><Process ToolSource="c:\program files\arcgis\pro\Resources\ArcToolbox\Toolboxes\Data Management Tools.tbx\Rename" Date="20230824" Time="113536" Name="" export="">Rename C:\Users\nmr325\Documents\ArcGIS\Projects\SALURBAL\SALURBAL.gdb\SALURBAL_L1_CityCenter C:\Users\nmr325\Documents\ArcGIS\Projects\SALURBAL\SALURBAL.gdb\SALURBAL_L1_CityCenter_RENO FeatureClass</Process><Process ToolSource="c:\program files\arcgis\pro\Resources\ArcToolbox\toolboxes\Data Management Tools.tbx\JoinField" Date="20230824" Time="113948" Name="" export="">JoinField SALURBAL_L1_CityCenter_RENO L1Name SALURBAL_L1AD_Islands L1NAME L1NAME2;ADM1LOCID;ADM1NAME;COUNTRYAB;CTRY_SALID "Select transfer fields" #</Process><Process ToolSource="c:\program files\arcgis\pro\Resources\ArcToolbox\toolboxes\Data Management Tools.tbx\CopyMultiple" Date="20230824" Time="161948" Name="" export="">CopyMultiple "C:\Users\nmr325\Documents\ArcGIS\Projects\SALURBAL\SALURBAL.gdb\SALURBAL_L1_CityCenter_RENO FeatureClass" C:\Users\nmr325\Documents\ArcGIS\Projects\SALURBAL\ForPortal\SALURBAL_L1_CityCenter_PublicIDs.gdb SALURBAL_L1_CityCenter_RENO "SALURBAL_L1_CityCenter_RENO FeatureClass SALURBAL_L1_CityCenter_RENO #"</Process><Process ToolSource="c:\program files\arcgis\pro\Resources\ArcToolbox\toolboxes\Data Management Tools.tbx\JoinField" Date="20230824" Time="162752" Name="" export="">JoinField SALURBAL_L1_CityCenter_RENO SALID1 xwalk_l1ad.csv salid1 id1 "Select transfer fields" #</Process><Process ToolSource="c:\program files\arcgis\pro\Resources\ArcToolbox\toolboxes\Data Management Tools.tbx\DeleteField" Date="20230824" Time="162848" Name="" export="">DeleteField SALURBAL_L1_CityCenter_RENO SALID1 "Delete Fields"</Process><Process ToolSource="c:\program files\arcgis\pro\Resources\ArcToolbox\toolboxes\Data Management Tools.tbx\Rename" Date="20230824" Time="165532" Name="" export="">Rename C:\Users\nmr325\Documents\ArcGIS\Projects\SALURBAL\ForPortal\SALURBAL_L1_CityCenter_PublicIDs.gdb\SALURBAL_L1_CityCenter_RENO C:\Users\nmr325\Documents\ArcGIS\Projects\SALURBAL\ForPortal\SALURBAL_L1_CityCenter_PublicIDs.gdb\SALURBAL_L1_CityCenter_PublicIDs FeatureClass</Process><Process ToolSource="c:\program files\arcgis\pro\Resources\ArcToolbox\toolboxes\Data Management Tools.tbx\UpdateSchema" Date="20230825" Time="105444" Name="" export="">UpdateSchema "CIMDATA=&lt;CIMStandardDataConnection xsi:type='typens:CIMStandardDataConnection' xmlns:xsi='http://www.w3.org/2001/XMLSchema-instance' xmlns:xs='http://www.w3.org/2001/XMLSchema' xmlns:typens='http://www.esri.com/schemas/ArcGIS/3.1.0'&gt;&lt;WorkspaceConnectionString&gt;DATABASE=C:\Users\nmr325\Documents\ArcGIS\Projects\SALURBAL\ForPortal\SALURBAL_L1_CityCenter_PublicIDs.gdb&lt;/WorkspaceConnectionString&gt;&lt;WorkspaceFactory&gt;FileGDB&lt;/WorkspaceFactory&gt;&lt;Dataset&gt;SALURBAL_L1_CityCenter_PublicIDs&lt;/Dataset&gt;&lt;DatasetType&gt;esriDTFeatureClass&lt;/DatasetType&gt;&lt;/CIMStandardDataConnection&gt;" &lt;operationSequence&gt;&lt;workflow&gt;&lt;AlterField&gt;&lt;field_name&gt;id1&lt;/field_name&gt;&lt;new_field_name&gt;PUBSALID1&lt;/new_field_name&gt;&lt;field_alias&gt;PUBSALID1&lt;/field_alias&gt;&lt;field_is_nullable&gt;True&lt;/field_is_nullable&gt;&lt;clear_field_alias&gt;False&lt;/clear_field_alias&gt;&lt;/AlterField&gt;&lt;/workflow&gt;&lt;/operationSequence&gt;</Process><Process ToolSource="c:\program files\arcgis\pro\Resources\ArcToolbox\toolboxes\Conversion Tools.tbx\ExportFeatures" Date="20230825" Time="105954" Name="" export="">ExportFeatures C:\Users\nmr325\Documents\ArcGIS\Projects\SALURBAL\ForPortal\SALURBAL_L1_CityCenter_PublicIDs.gdb\SALURBAL_L1_CityCenter_PublicIDs C:\Users\nmr325\Documents\ArcGIS\Projects\SALURBAL\ForPortal\SALURBAL_L1_CityCenter_Shp\SALURBAL_L1_CityCenter_PublicIDs.shp # NOT_USE_ALIAS "L1Name "L1Name" true true false 254 Text 0 0,First,#,C:\Users\nmr325\Documents\ArcGIS\Projects\SALURBAL\ForPortal\SALURBAL_L1_CityCenter_PublicIDs.gdb\SALURBAL_L1_CityCenter_PublicIDs,L1Name,0,254;Country "Country" true true false 254 Text 0 0,First,#,C:\Users\nmr325\Documents\ArcGIS\Projects\SALURBAL\ForPortal\SALURBAL_L1_CityCenter_PublicIDs.gdb\SALURBAL_L1_CityCenter_PublicIDs,Country,0,254;BEC_CityCenterLong "x" true true false 8 Double 0 0,First,#,C:\Users\nmr325\Documents\ArcGIS\Projects\SALURBAL\ForPortal\SALURBAL_L1_CityCenter_PublicIDs.gdb\SALURBAL_L1_CityCenter_PublicIDs,BEC_CityCenterLong,-1,-1;BEC_CityCenterLat "y" true true false 8 Double 0 0,First,#,C:\Users\nmr325\Documents\ArcGIS\Projects\SALURBAL\ForPortal\SALURBAL_L1_CityCenter_PublicIDs.gdb\SALURBAL_L1_CityCenter_PublicIDs,BEC_CityCenterLat,-1,-1;L1NAME2 "L1NAME2" true true false 255 Text 0 0,First,#,C:\Users\nmr325\Documents\ArcGIS\Projects\SALURBAL\ForPortal\SALURBAL_L1_CityCenter_PublicIDs.gdb\SALURBAL_L1_CityCenter_PublicIDs,L1NAME2,0,255;ADM1LOCID "ADM1LOCALID" true true false 254 Text 0 0,First,#,C:\Users\nmr325\Documents\ArcGIS\Projects\SALURBAL\ForPortal\SALURBAL_L1_CityCenter_PublicIDs.gdb\SALURBAL_L1_CityCenter_PublicIDs,ADM1LOCID,0,254;ADM1NAME "ADM1NAME" true true false 254 Text 0 0,First,#,C:\Users\nmr325\Documents\ArcGIS\Projects\SALURBAL\ForPortal\SALURBAL_L1_CityCenter_PublicIDs.gdb\SALURBAL_L1_CityCenter_PublicIDs,ADM1NAME,0,254;COUNTRYAB "COUNTRYAB" true true false 2 Text 0 0,First,#,C:\Users\nmr325\Documents\ArcGIS\Projects\SALURBAL\ForPortal\SALURBAL_L1_CityCenter_PublicIDs.gdb\SALURBAL_L1_CityCenter_PublicIDs,COUNTRYAB,0,2;CTRY_SALID "COUNTRY_SALID" true true false 4 Long 0 0,First,#,C:\Users\nmr325\Documents\ArcGIS\Projects\SALURBAL\ForPortal\SALURBAL_L1_CityCenter_PublicIDs.gdb\SALURBAL_L1_CityCenter_PublicIDs,CTRY_SALID,-1,-1;PUBSALID1 "PUBSALID1" true true false 4 Long 0 0,First,#,C:\Users\nmr325\Documents\ArcGIS\Projects\SALURBAL\ForPortal\SALURBAL_L1_CityCenter_PublicIDs.gdb\SALURBAL_L1_CityCenter_PublicIDs,PUBSALID1,-1,-1" #</Process><Process ToolSource="c:\program files\arcgis\pro\Resources\ArcToolbox\toolboxes\Data Management Tools.tbx\Copy" Date="20230914" Time="153744" Name="" export="">Copy D:\SALURBAL\forSALURBALPortalLocal\SALURBAL_L1_CityCenter_Shp\SALURBAL_L1_CityCenter_Shp\SALURBAL_L1_CityCenter_PublicIDs.shp D:\SALURBAL\forSALURBALPortalLocal\SALURBAL_L1_CityCenter_PublicIDs.shp Shapefile #</Process><Process ToolSource="c:\program files\arcgis\pro\Resources\ArcToolbox\toolboxes\Data Management Tools.tbx\Rename" Date="20230914" Time="153804" Name="" export="">Rename D:\SALURBAL\forSALURBALPortalLocal\SALURBAL_L1_CityCenter_PublicIDs.shp D:\SALURBAL\forSALURBALPortalLocal\SALURBAL_L1_CityCenter_PublicIDs20230914.shp ShapeFile</Process><Process ToolSource="c:\program files\arcgis\pro\Resources\ArcToolbox\toolboxes\Data Management Tools.tbx\UpdateSchema" Date="20230914" Time="154153" Name="" export="">UpdateSchema "CIMDATA=&lt;CIMStandardDataConnection xsi:type='typens:CIMStandardDataConnection' xmlns:xsi='http://www.w3.org/2001/XMLSchema-instance' xmlns:xs='http://www.w3.org/2001/XMLSchema' xmlns:typens='http://www.esri.com/schemas/ArcGIS/3.1.0'&gt;&lt;WorkspaceConnectionString&gt;DATABASE=D:\SALURBAL\forSALURBALPortalLocal&lt;/WorkspaceConnectionString&gt;&lt;WorkspaceFactory&gt;Shapefile&lt;/WorkspaceFactory&gt;&lt;Dataset&gt;SALURBAL_L1_CityCenter_PublicIDs20230914.shp&lt;/Dataset&gt;&lt;DatasetType&gt;esriDTFeatureClass&lt;/DatasetType&gt;&lt;/CIMStandardDataConnection&gt;" &lt;operationSequence&gt;&lt;workflow&gt;&lt;AddField&gt;&lt;field_name&gt;BEC_CCLONG&lt;/field_name&gt;&lt;field_type&gt;DOUBLE&lt;/field_type&gt;&lt;field_is_nullable&gt;False&lt;/field_is_nullable&gt;&lt;field_is_required&gt;False&lt;/field_is_required&gt;&lt;/AddField&gt;&lt;/workflow&gt;&lt;workflow&gt;&lt;AddField&gt;&lt;field_name&gt;BEC_CCLAT&lt;/field_name&gt;&lt;field_type&gt;DOUBLE&lt;/field_type&gt;&lt;field_is_nullable&gt;False&lt;/field_is_nullable&gt;&lt;field_is_required&gt;False&lt;/field_is_required&gt;&lt;/AddField&gt;&lt;/workflow&gt;&lt;/operationSequence&gt;</Process><Process ToolSource="c:\program files\arcgis\pro\Resources\ArcToolbox\toolboxes\Data Management Tools.tbx\CalculateField" Date="20230914" Time="154211" Name="" export="">CalculateField L1v20230914\SALURBAL_L1_CityCenter_PublicIDs20230914shp BEC_CCLONG !BEC_CityCe! "Python 3" # Text NO_ENFORCE_DOMAINS</Process><Process ToolSource="c:\program files\arcgis\pro\Resources\ArcToolbox\toolboxes\Data Management Tools.tbx\CalculateField" Date="20230914" Time="154228" Name="" export="">CalculateField L1v20230914\SALURBAL_L1_CityCenter_PublicIDs20230914shp BEC_CCLAT !BEC_City_1! "Python 3" # Text NO_ENFORCE_DOMAINS</Process><Process ToolSource="c:\program files\arcgis\pro\Resources\ArcToolbox\toolboxes\Data Management Tools.tbx\DeleteField" Date="20230914" Time="154239" Name="" export="">DeleteField L1v20230914\SALURBAL_L1_CityCenter_PublicIDs20230914shp BEC_CityCe "Delete Fields"</Process><Process ToolSource="c:\program files\arcgis\pro\Resources\ArcToolbox\toolboxes\Data Management Tools.tbx\DeleteField" Date="20230914" Time="154245" Name="" export="">DeleteField L1v20230914\SALURBAL_L1_CityCenter_PublicIDs20230914shp BEC_City_1 "Delete Fields"</Process><Process ToolSource="c:\program files\arcgis\pro\Resources\ArcToolbox\toolboxes\Data Management Tools.tbx\DeleteField" Date="20230914" Time="154304" Name="" export="">DeleteField L1v20230914\SALURBAL_L1_CityCenter_PublicIDs20230914shp CTRY_SALID "Delete Fields"</Process></lineage><copyHistory><copy source="D:\SALURBAL\forSALURBALPortalLocal\SALURBAL_L1_CityCenter_Shp\SALURBAL_L1_CityCenter_Shp\SALURBAL_L1_CityCenter_PublicIDs" dest="\\SOPH-U704-WD04\D$\SALURBAL\forSALURBALPortalLocal\SALURBAL_L1_CityCenter_PublicIDs" date="20230914" time="15374400"/></copyHistory></DataProperties><SyncDate>20230914</SyncDate><SyncTime>15443100</SyncTime><ModDate>20230914</ModDate><ModTime>15464500</ModTime><ArcGISProfile>ISO19139</ArcGISProfile><scaleRange><minScale>150000000</minScale><maxScale>5000</maxScale></scaleRange></Esri><eainfo><detailed Name="SALURBAL_L1_CityCenter_PublicIDs20230914" xmlns=""><enttyp><enttypl Sync="TRUE">SALURBAL_L1_CityCenter_PublicIDs20230914</enttypl><enttypt Sync="TRUE">Feature Class</enttypt><enttypc Sync="TRUE">371</enttypc></enttyp><attr xmlns=""><attrlabl Sync="TRUE">FID</attrlabl><attalias Sync="TRUE">FID</attalias><attrtype Sync="TRUE">OID</attrtype><attwidth Sync="TRUE">4</attwidth><atprecis Sync="TRUE">0</atprecis><attscale Sync="TRUE">0</attscale><attrdef Sync="TRUE">Internal feature number.</attrdef><attrdefs Sync="TRUE">Esri</attrdefs><attrdomv><udom Sync="TRUE">Sequential unique whole numbers that are automatically generated.</udom></attrdomv></attr><attr xmlns=""><attrlabl Sync="TRUE">Shape</attrlabl><attalias Sync="TRUE">Shape</attalias><attrtype Sync="TRUE">Geometry</attrtype><attwidth Sync="TRUE">0</attwidth><atprecis Sync="TRUE">0</atprecis><attscale Sync="TRUE">0</attscale><attrdef Sync="TRUE">Feature geometry.</attrdef><attrdefs Sync="TRUE">Esri</attrdefs><attrdomv><udom Sync="TRUE">Coordinates defining the features.</udom></attrdomv></attr><attr xmlns=""><attrlabl Sync="TRUE">L1Name</attrlabl><attalias Sync="TRUE">L1Name</attalias><attrtype Sync="TRUE">String</attrtype><attwidth Sync="TRUE">254</attwidth><atprecis Sync="TRUE">0</atprecis><attscale Sync="TRUE">0</attscale></attr><attr xmlns=""><attrlabl Sync="TRUE">Country</attrlabl><attalias Sync="TRUE">Country</attalias><attrtype Sync="TRUE">String</attrtype><attwidth Sync="TRUE">254</attwidth><atprecis Sync="TRUE">0</atprecis><attscale Sync="TRUE">0</attscale></attr><attr xmlns=""><attrlabl Sync="TRUE">L1NAME2</attrlabl><attalias Sync="TRUE">L1NAME2</attalias><attrtype Sync="TRUE">String</attrtype><attwidth Sync="TRUE">254</attwidth><atprecis Sync="TRUE">0</atprecis><attscale Sync="TRUE">0</attscale></attr><attr xmlns=""><attrlabl Sync="TRUE">ADM1LOCID</attrlabl><attalias Sync="TRUE">ADM1LOCID</attalias><attrtype Sync="TRUE">String</attrtype><attwidth Sync="TRUE">254</attwidth><atprecis Sync="TRUE">0</atprecis><attscale Sync="TRUE">0</attscale></attr><attr xmlns=""><attrlabl Sync="TRUE">ADM1NAME</attrlabl><attalias Sync="TRUE">ADM1NAME</attalias><attrtype Sync="TRUE">String</attrtype><attwidth Sync="TRUE">254</attwidth><atprecis Sync="TRUE">0</atprecis><attscale Sync="TRUE">0</attscale></attr><attr xmlns=""><attrlabl Sync="TRUE">COUNTRYAB</attrlabl><attalias Sync="TRUE">COUNTRYAB</attalias><attrtype Sync="TRUE">String</attrtype><attwidth Sync="TRUE">2</attwidth><atprecis Sync="TRUE">0</atprecis><attscale Sync="TRUE">0</attscale></attr><attr xmlns=""><attrlabl Sync="TRUE">PUBSALID1</attrlabl><attalias Sync="TRUE">PUBSALID1</attalias><attrtype Sync="TRUE">Integer</attrtype><attwidth Sync="TRUE">10</attwidth><atprecis Sync="TRUE">10</atprecis><attscale Sync="TRUE">0</attscale></attr><attr xmlns=""><attrlabl Sync="TRUE">BEC_CCLONG</attrlabl><attalias Sync="TRUE">BEC_CCLONG</attalias><attrtype Sync="TRUE">Double</attrtype><attwidth Sync="TRUE">19</attwidth><atprecis Sync="TRUE">0</atprecis><attscale Sync="TRUE">0</attscale></attr><attr xmlns=""><attrlabl Sync="TRUE">BEC_CCLAT</attrlabl><attalias Sync="TRUE">BEC_CCLAT</attalias><attrtype Sync="TRUE">Double</attrtype><attwidth Sync="TRUE">19</attwidth><atprecis Sync="TRUE">0</atprecis><attscale Sync="TRUE">0</attscale></attr></detailed></eainfo><mdLang><languageCode value="eng"/><countryCode value="USA" Sync="TRUE"/></mdLang><mdChar><CharSetCd value="004"/></mdChar><mdHrLv><ScopeCd value="005"/></mdHrLv><mdHrLvName>dataset</mdHrLvName><mdContact><rpIndName>Steven Melly</rpIndName><rpOrgName>Urban Health Collaborative Dornsife School of Public Health Drexel University</rpOrgName><rpPosName>GIS Analyst</rpPosName><rpCntInfo><cntAddress><delPoint>3600 Market St Room 704</delPoint><city>Philadelphia</city><adminArea>PA</adminArea><postCode>19104</postCode><country>US</country></cntAddress></rpCntInfo><role><RoleCd value="009"/></role></mdContact><mdDateSt Sync="TRUE">20230914</mdDateSt><mdStanName>ArcGIS Metadata</mdStanName><mdStanVer>1.0</mdStanVer><distInfo xmlns=""><distFormat xmlns=""><formatName>File Geodatabase Feature Class</formatName></distFormat><distTranOps xmlns=""><transSize Sync="TRUE">0.010</transSize></distTranOps></distInfo><dataIdInfo><idCitation><resTitle>SALURBAL_L1_CityCenter_PublicIDs</resTitle><citRespParty><rpIndName>Steven Melly</rpIndName><rpOrgName>Urban Health Collaborative Dornsife School of Public Health Drexel University</rpOrgName><rpPosName>GIS Analyst</rpPosName><rpCntInfo><cntAddress><delPoint>3600 Market St Room 704</delPoint><city>Philadelphia</city><adminArea>PA</adminArea><postCode>19104</postCode><country>US</country></cntAddress></rpCntInfo><role><RoleCd value="009"/></role></citRespParty><presForm><PresFormCd value="005"/></presForm></idCitation><idAbs>&lt;DIV STYLE="text-align:Left;"&gt;&lt;DIV&gt;&lt;DIV&gt;&lt;P&gt;&lt;SPAN&gt;See BEC_Variables_v17_20210104.docx Appendix 6 Identifying and Validating Level 1 City CentersData received from Xavier Delclos-Alio from Built Environment Core 12/23/2020&lt;/SPAN&gt;&lt;/P&gt;&lt;/DIV&gt;&lt;/DIV&gt;&lt;/DIV&gt;</idAbs><idPurp>Location of city centers for SALURBAL cities</idPurp><idCredit>SALURBAL
Urban Health Collaborative
Dornsife School of Public Health, Drexel University</idCredit><idPoC><rpIndName>Steven Melly</rpIndName><rpOrgName>Urban Health Collaborative Dornsife School of Public Health Drexel University</rpOrgName><rpPosName>GIS Analyst</rpPosName><rpCntInfo><cntAddress><delPoint>3600 Market St Room 704</delPoint><city>Philadelphia</city><adminArea>PA</adminArea><postCode>19104</postCode><country>US</country></cntAddress></rpCntInfo><role><RoleCd value="009"/></role></idPoC><otherKeys><keyword>Latin America</keyword><keyword>Urban Health</keyword></otherKeys><searchKeys><keyword>Latin America</keyword><keyword>Urban Health</keyword></searchKeys><spatRpType><SpatRepTypCd value="001"/></spatRpType><dataLang><languageCode value="eng"/><countryCode value="USA" Sync="TRUE"/></dataLang><dataChar><CharSetCd value="004"/></dataChar><envirDesc> Version 6.2 (Build 9200) ; Esri ArcGIS 10.7.0.10450</envirDesc><dataExt><exDesc>SALURBAL Cities</exDesc><geoEle><GeoBndBox><exTypeCode>true</exTypeCode><westBL>-117.01893</westBL><eastBL>-34.872446</eastBL><southBL>-53.163174</southBL><northBL>32.639913</northBL></GeoBndBox></geoEle></dataExt><dataExt><geoEle xmlns=""><GeoBndBox esriExtentType="search"><exTypeCode Sync="TRUE">1</exTypeCode><westBL Sync="TRUE">-117.018930</westBL><eastBL Sync="TRUE">-34.872446</eastBL><northBL Sync="TRUE">32.639913</northBL><southBL Sync="TRUE">-53.163174</southBL></GeoBndBox></geoEle></dataExt></dataIdInfo><spatRepInfo><VectSpatRep xmlns=""><geometObjs Name="SALURBAL_L1_CityCenter_PublicIDs20230914"><geoObjTyp><GeoObjTypCd value="004" Sync="TRUE"/></geoObjTyp><geoObjCnt Sync="TRUE">371</geoObjCnt></geometObjs><topLvl><TopoLevCd value="001" Sync="TRUE"/></topLvl></VectSpatRep></spatRepInfo><refSysInfo><RefSystem><refSysID><identCode code="4326"/><idCodeSpace>EPSG</idCodeSpace><identVrsn>6.14(3.0.1)</identVrsn><idVersion Sync="TRUE">6.2(3.0.1)</idVersion></refSysID></RefSystem></refSysInfo><spdoinfo><ptvctinf><esriterm Name="SALURBAL_L1_CityCenter_PublicIDs20230914"><efeatyp Sync="TRUE">Simple</efeatyp><efeageom code="1" Sync="TRUE"/><esritopo Sync="TRUE">FALSE</esritopo><efeacnt Sync="TRUE">371</efeacnt><spindex Sync="TRUE">TRUE</spindex><linrefer Sync="TRUE">FALSE</linrefer></esriterm></ptvctinf></spdoinfo></metadata>
