<metadata xml:lang="en"><Esri><CreaDate>20230830</CreaDate><CreaTime>15400300</CreaTime><ArcGISFormat>1.0</ArcGISFormat><SyncOnce>FALSE</SyncOnce><DataProperties><itemProps><itemName Sync="TRUE">SALURBAL_L1_CityCenter_PublicIDs20230922</itemName><imsContentType Sync="TRUE">002</imsContentType><itemLocation><linkage Sync="TRUE">file://\\SOPH-U704-WD02\D$\SALURBAL\SALURBAL_Spatial_Data_Tasks\Shapefiles20230928\SALURBAL_L1_CityCenter_PublicIDs20230922.shp</linkage><protocol Sync="TRUE">Local Area Network</protocol></itemLocation><nativeExtBox><westBL Sync="TRUE">-117.018930</westBL><eastBL Sync="TRUE">-34.872446</eastBL><southBL Sync="TRUE">-53.163174</southBL><northBL Sync="TRUE">32.639913</northBL><exTypeCode Sync="TRUE">1</exTypeCode></nativeExtBox><itemSize Sync="TRUE">0.000</itemSize></itemProps><coordRef><type Sync="TRUE">Geographic</type><geogcsn Sync="TRUE">GCS_WGS_1984</geogcsn><csUnits Sync="TRUE">Angular Unit: Degree (0.017453)</csUnits><peXml Sync="TRUE">&lt;GeographicCoordinateSystem xsi:type='typens:GeographicCoordinateSystem' xmlns:xsi='http://www.w3.org/2001/XMLSchema-instance' xmlns:xs='http://www.w3.org/2001/XMLSchema' xmlns:typens='http://www.esri.com/schemas/ArcGIS/3.1.0'&gt;&lt;WKT&gt;GEOGCS[&amp;quot;GCS_WGS_1984&amp;quot;,DATUM[&amp;quot;D_WGS_1984&amp;quot;,SPHEROID[&amp;quot;WGS_1984&amp;quot;,6378137.0,298.257223563]],PRIMEM[&amp;quot;Greenwich&amp;quot;,0.0],UNIT[&amp;quot;Degree&amp;quot;,0.0174532925199433],AUTHORITY[&amp;quot;EPSG&amp;quot;,4326]]&lt;/WKT&gt;&lt;XOrigin&gt;-400&lt;/XOrigin&gt;&lt;YOrigin&gt;-400&lt;/YOrigin&gt;&lt;XYScale&gt;11258999068426.238&lt;/XYScale&gt;&lt;ZOrigin&gt;-100000&lt;/ZOrigin&gt;&lt;ZScale&gt;10000&lt;/ZScale&gt;&lt;MOrigin&gt;-100000&lt;/MOrigin&gt;&lt;MScale&gt;10000&lt;/MScale&gt;&lt;XYTolerance&gt;8.983152841195215e-09&lt;/XYTolerance&gt;&lt;ZTolerance&gt;0.001&lt;/ZTolerance&gt;&lt;MTolerance&gt;0.001&lt;/MTolerance&gt;&lt;HighPrecision&gt;true&lt;/HighPrecision&gt;&lt;LeftLongitude&gt;-180&lt;/LeftLongitude&gt;&lt;WKID&gt;4326&lt;/WKID&gt;&lt;LatestWKID&gt;4326&lt;/LatestWKID&gt;&lt;/GeographicCoordinateSystem&gt;</peXml></coordRef><lineage><Process ToolSource="c:\program files\arcgis\pro\Resources\ArcToolbox\toolboxes\Conversion Tools.tbx\FeatureClassToFeatureClass" Date="20210104" Time="094550" Name="" export="">FeatureClassToFeatureClass GoogleCityCenter C:\Users\sjmel\Documents\ArcGIS\Projects\SALURBAL_CityPoints\SALURBAL_CityPoints.gdb SALURBAL_L1_CityCenter # "SALID1 "SALID1" true true false 10 Long 0 10,First,#,GoogleCityCenter,SALID1,-1,-1;L1Name "L1Name" true true false 254 Text 0 0,First,#,GoogleCityCenter,L1Name,0,254;Country "Country" true true false 254 Text 0 0,First,#,GoogleCityCenter,Country,0,254;x "x" true true false 19 Double 0 0,First,#,GoogleCityCenter,x,-1,-1;y "y" true true false 19 Double 0 0,First,#,GoogleCityCenter,y,-1,-1" #</Process><Process ToolSource="c:\program files\arcgis\pro\Resources\ArcToolbox\toolboxes\Data Management Tools.tbx\UpdateSchema" Date="20210104" Time="094716" Name="" export="">UpdateSchema "CIMDATA=&lt;CIMStandardDataConnection xsi:type='typens:CIMStandardDataConnection' xmlns:xsi='http://www.w3.org/2001/XMLSchema-instance' xmlns:xs='http://www.w3.org/2001/XMLSchema' xmlns:typens='http://www.esri.com/schemas/ArcGIS/2.7.0'&gt;&lt;WorkspaceConnectionString&gt;DATABASE=C:\Users\sjmel\Documents\ArcGIS\Projects\SALURBAL_CityPoints\SALURBAL_CityPoints.gdb&lt;/WorkspaceConnectionString&gt;&lt;WorkspaceFactory&gt;FileGDB&lt;/WorkspaceFactory&gt;&lt;Dataset&gt;SALURBAL_L1_CityCenter&lt;/Dataset&gt;&lt;DatasetType&gt;esriDTFeatureClass&lt;/DatasetType&gt;&lt;/CIMStandardDataConnection&gt;" &lt;operationSequence&gt;&lt;workflow&gt;&lt;AlterField&gt;&lt;field_name&gt;x&lt;/field_name&gt;&lt;new_field_name&gt;BEC_CityCenterLong&lt;/new_field_name&gt;&lt;field_is_nullable&gt;True&lt;/field_is_nullable&gt;&lt;clear_field_alias&gt;False&lt;/clear_field_alias&gt;&lt;/AlterField&gt;&lt;/workflow&gt;&lt;workflow&gt;&lt;AlterField&gt;&lt;field_name&gt;y&lt;/field_name&gt;&lt;new_field_name&gt;BEC_CityCenterLat&lt;/new_field_name&gt;&lt;field_is_nullable&gt;True&lt;/field_is_nullable&gt;&lt;clear_field_alias&gt;False&lt;/clear_field_alias&gt;&lt;/AlterField&gt;&lt;/workflow&gt;&lt;/operationSequence&gt;</Process><Process ToolSource="c:\program files\arcgis\pro\Resources\ArcToolbox\toolboxes\Data Management Tools.tbx\AddRelate" Date="20221007" Time="143028" Name="" export="">AddRelate SALURBAL_L1_CityCenter SALID1 data1665086820232 id1 Relate1 "One to many"</Process><Process ToolSource="c:\program files\arcgis\pro\Resources\ArcToolbox\toolboxes\Data Management Tools.tbx\RemoveRelate" Date="20221007" Time="143237" Name="" export="">RemoveRelate SALURBAL_L1_CityCenter #</Process><Process ToolSource="c:\program files\arcgis\pro\Resources\ArcToolbox\Toolboxes\Data Management Tools.tbx\CopyMultiple" Date="20230824" Time="113526" Name="" export="">CopyMultiple "'W:\Projects\Wellcome_Trust\Data Methods Core\Geodatabases\SALURBAL_1_4_21\SALURBAL_L1_1_4_21.gdb\SALURBAL_L1_CityCenter' FeatureClass" C:\Users\nmr325\Documents\ArcGIS\Projects\SALURBAL\SALURBAL.gdb SALURBAL_L1_CityCenter "SALURBAL_L1_CityCenter FeatureClass SALURBAL_L1_CityCenter #"</Process><Process ToolSource="c:\program files\arcgis\pro\Resources\ArcToolbox\Toolboxes\Data Management Tools.tbx\Rename" Date="20230824" Time="113536" Name="" export="">Rename C:\Users\nmr325\Documents\ArcGIS\Projects\SALURBAL\SALURBAL.gdb\SALURBAL_L1_CityCenter C:\Users\nmr325\Documents\ArcGIS\Projects\SALURBAL\SALURBAL.gdb\SALURBAL_L1_CityCenter_RENO FeatureClass</Process><Process ToolSource="c:\program files\arcgis\pro\Resources\ArcToolbox\toolboxes\Data Management Tools.tbx\JoinField" Date="20230824" Time="113948" Name="" export="">JoinField SALURBAL_L1_CityCenter_RENO L1Name SALURBAL_L1AD_Islands L1NAME L1NAME2;ADM1LOCID;ADM1NAME;COUNTRYAB;CTRY_SALID "Select transfer fields" #</Process><Process ToolSource="c:\program files\arcgis\pro\Resources\ArcToolbox\toolboxes\Data Management Tools.tbx\CopyMultiple" Date="20230824" Time="161948" Name="" export="">CopyMultiple "C:\Users\nmr325\Documents\ArcGIS\Projects\SALURBAL\SALURBAL.gdb\SALURBAL_L1_CityCenter_RENO FeatureClass" C:\Users\nmr325\Documents\ArcGIS\Projects\SALURBAL\ForPortal\SALURBAL_L1_CityCenter_PublicIDs.gdb SALURBAL_L1_CityCenter_RENO "SALURBAL_L1_CityCenter_RENO FeatureClass SALURBAL_L1_CityCenter_RENO #"</Process><Process ToolSource="c:\program files\arcgis\pro\Resources\ArcToolbox\toolboxes\Data Management Tools.tbx\JoinField" Date="20230824" Time="162752" Name="" export="">JoinField SALURBAL_L1_CityCenter_RENO SALID1 xwalk_l1ad.csv salid1 id1 "Select transfer fields" #</Process><Process ToolSource="c:\program files\arcgis\pro\Resources\ArcToolbox\toolboxes\Data Management Tools.tbx\DeleteField" Date="20230824" Time="162848" Name="" export="">DeleteField SALURBAL_L1_CityCenter_RENO SALID1 "Delete Fields"</Process><Process ToolSource="c:\program files\arcgis\pro\Resources\ArcToolbox\toolboxes\Data Management Tools.tbx\Rename" Date="20230824" Time="165532" Name="" export="">Rename C:\Users\nmr325\Documents\ArcGIS\Projects\SALURBAL\ForPortal\SALURBAL_L1_CityCenter_PublicIDs.gdb\SALURBAL_L1_CityCenter_RENO C:\Users\nmr325\Documents\ArcGIS\Projects\SALURBAL\ForPortal\SALURBAL_L1_CityCenter_PublicIDs.gdb\SALURBAL_L1_CityCenter_PublicIDs FeatureClass</Process><Process ToolSource="c:\program files\arcgis\pro\Resources\ArcToolbox\toolboxes\Data Management Tools.tbx\UpdateSchema" Date="20230825" Time="105444" Name="" export="">UpdateSchema "CIMDATA=&lt;CIMStandardDataConnection xsi:type='typens:CIMStandardDataConnection' xmlns:xsi='http://www.w3.org/2001/XMLSchema-instance' xmlns:xs='http://www.w3.org/2001/XMLSchema' xmlns:typens='http://www.esri.com/schemas/ArcGIS/3.1.0'&gt;&lt;WorkspaceConnectionString&gt;DATABASE=C:\Users\nmr325\Documents\ArcGIS\Projects\SALURBAL\ForPortal\SALURBAL_L1_CityCenter_PublicIDs.gdb&lt;/WorkspaceConnectionString&gt;&lt;WorkspaceFactory&gt;FileGDB&lt;/WorkspaceFactory&gt;&lt;Dataset&gt;SALURBAL_L1_CityCenter_PublicIDs&lt;/Dataset&gt;&lt;DatasetType&gt;esriDTFeatureClass&lt;/DatasetType&gt;&lt;/CIMStandardDataConnection&gt;" &lt;operationSequence&gt;&lt;workflow&gt;&lt;AlterField&gt;&lt;field_name&gt;id1&lt;/field_name&gt;&lt;new_field_name&gt;PUBSALID1&lt;/new_field_name&gt;&lt;field_alias&gt;PUBSALID1&lt;/field_alias&gt;&lt;field_is_nullable&gt;True&lt;/field_is_nullable&gt;&lt;clear_field_alias&gt;False&lt;/clear_field_alias&gt;&lt;/AlterField&gt;&lt;/workflow&gt;&lt;/operationSequence&gt;</Process><Process ToolSource="c:\program files\arcgis\pro\Resources\ArcToolbox\toolboxes\Data Management Tools.tbx\DeleteField" Date="20230825" Time="121803" Name="" export="">DeleteField SALURBAL_L1_CityCenter_PublicIDs CTRY_SALID "Delete Fields"</Process><Process ToolSource="c:\program files\arcgis\pro\Resources\ArcToolbox\toolboxes\Data Management Tools.tbx\CopyMultiple" Date="20230830" Time="154007" Name="" export="">CopyMultiple "D:\SALURBAL\forSALURBALPortalLocal\SALURBAL_L1_CityCenter_PublicIDs.gdb\SALURBAL_L1_CityCenter_PublicIDs FeatureClass" "W:\Projects\Wellcome_Trust\Data Methods Core\Geodatabases\SALURBAL_4_10_23\SALURBAL_L1_20230824CityCenter.gdb" SALURBAL_L1_CityCenter_PublicIDs "SALURBAL_L1_CityCenter_PublicIDs FeatureClass SALURBAL_L1_CityCenter_PublicIDs #"</Process><Process ToolSource="c:\program files\arcgis\pro\Resources\ArcToolbox\toolboxes\Conversion Tools.tbx\ExportFeatures" Date="20230922" Time="141502" Name="" export="">ExportFeatures SALURBAL_L1_CityCenter_PublicIDs "W:\Projects\Wellcome_Trust\Data Methods Core\Geodatabases\SALURBAL_4_10_23\SALURBAL_L1_20230824CityCenter.gdb\SALURBAL_L1_CityCenter_PublicIDs20230922" # NOT_USE_ALIAS "L1Name "L1Name" true true false 254 Text 0 0,First,#,SALURBAL_L1_CityCenter_PublicIDs,L1Name,0,254;Country "Country" true true false 254 Text 0 0,First,#,SALURBAL_L1_CityCenter_PublicIDs,Country,0,254;BEC_CityCenterLong "x" true true false 8 Double 0 0,First,#,SALURBAL_L1_CityCenter_PublicIDs,BEC_CityCenterLong,-1,-1;BEC_CityCenterLat "y" true true false 8 Double 0 0,First,#,SALURBAL_L1_CityCenter_PublicIDs,BEC_CityCenterLat,-1,-1;L1NAME2 "L1NAME2" true true false 255 Text 0 0,First,#,SALURBAL_L1_CityCenter_PublicIDs,L1NAME2,0,255;ADM1LOCID "ADM1LOCALID" true true false 254 Text 0 0,First,#,SALURBAL_L1_CityCenter_PublicIDs,ADM1LOCID,0,254;ADM1NAME "ADM1NAME" true true false 254 Text 0 0,First,#,SALURBAL_L1_CityCenter_PublicIDs,ADM1NAME,0,254;COUNTRYAB "COUNTRYAB" true true false 2 Text 0 0,First,#,SALURBAL_L1_CityCenter_PublicIDs,COUNTRYAB,0,2;PUBSALID1 "PUBSALID1" true true false 4 Long 0 0,First,#,SALURBAL_L1_CityCenter_PublicIDs,PUBSALID1,-1,-1" #</Process><Process ToolSource="c:\program files\arcgis\pro\Resources\ArcToolbox\toolboxes\Conversion Tools.tbx\ExportFeatures" Date="20230928" Time="115317">ExportFeatures "W:\Projects\Wellcome_Trust\Data Methods Core\Geodatabases\SALURBAL_4_10_23\SALURBAL_L1_20230824CityCenter.gdb\SALURBAL_L1_CityCenter_PublicIDs20230922" D:\SALURBAL\SALURBAL_Spatial_Data_Tasks\Shapefiles20230928\SALURBAL_L1_CityCenter_PublicIDs20230922.shp # NOT_USE_ALIAS "L1Name "L1Name" true true false 254 Text 0 0,First,#,W:\Projects\Wellcome_Trust\Data Methods Core\Geodatabases\SALURBAL_4_10_23\SALURBAL_L1_20230824CityCenter.gdb\SALURBAL_L1_CityCenter_PublicIDs20230922,L1Name,0,254;Country "Country" true true false 254 Text 0 0,First,#,W:\Projects\Wellcome_Trust\Data Methods Core\Geodatabases\SALURBAL_4_10_23\SALURBAL_L1_20230824CityCenter.gdb\SALURBAL_L1_CityCenter_PublicIDs20230922,Country,0,254;BEC_CityCenterLong "x" true true false 8 Double 0 0,First,#,W:\Projects\Wellcome_Trust\Data Methods Core\Geodatabases\SALURBAL_4_10_23\SALURBAL_L1_20230824CityCenter.gdb\SALURBAL_L1_CityCenter_PublicIDs20230922,BEC_CityCenterLong,-1,-1;BEC_CityCenterLat "y" true true false 8 Double 0 0,First,#,W:\Projects\Wellcome_Trust\Data Methods Core\Geodatabases\SALURBAL_4_10_23\SALURBAL_L1_20230824CityCenter.gdb\SALURBAL_L1_CityCenter_PublicIDs20230922,BEC_CityCenterLat,-1,-1;L1NAME2 "L1NAME2" true true false 255 Text 0 0,First,#,W:\Projects\Wellcome_Trust\Data Methods Core\Geodatabases\SALURBAL_4_10_23\SALURBAL_L1_20230824CityCenter.gdb\SALURBAL_L1_CityCenter_PublicIDs20230922,L1NAME2,0,255;ADM1LOCID "ADM1LOCALID" true true false 254 Text 0 0,First,#,W:\Projects\Wellcome_Trust\Data Methods Core\Geodatabases\SALURBAL_4_10_23\SALURBAL_L1_20230824CityCenter.gdb\SALURBAL_L1_CityCenter_PublicIDs20230922,ADM1LOCID,0,254;ADM1NAME "ADM1NAME" true true false 254 Text 0 0,First,#,W:\Projects\Wellcome_Trust\Data Methods Core\Geodatabases\SALURBAL_4_10_23\SALURBAL_L1_20230824CityCenter.gdb\SALURBAL_L1_CityCenter_PublicIDs20230922,ADM1NAME,0,254;COUNTRYAB "COUNTRYAB" true true false 2 Text 0 0,First,#,W:\Projects\Wellcome_Trust\Data Methods Core\Geodatabases\SALURBAL_4_10_23\SALURBAL_L1_20230824CityCenter.gdb\SALURBAL_L1_CityCenter_PublicIDs20230922,COUNTRYAB,0,2;PUBSALID1 "PUBSALID1" true true false 4 Long 0 0,First,#,W:\Projects\Wellcome_Trust\Data Methods Core\Geodatabases\SALURBAL_4_10_23\SALURBAL_L1_20230824CityCenter.gdb\SALURBAL_L1_CityCenter_PublicIDs20230922,PUBSALID1,-1,-1" #</Process></lineage></DataProperties><SyncDate>20230928</SyncDate><SyncTime>11531700</SyncTime><ModDate>20230928</ModDate><ModTime>11531700</ModTime><scaleRange><minScale>150000000</minScale><maxScale>5000</maxScale></scaleRange><ArcGISProfile>ISO19139</ArcGISProfile></Esri><dataIdInfo><envirDesc Sync="TRUE">Microsoft Windows 10 Version 10.0 (Build 19045) ; Esri ArcGIS 13.1.3.41833</envirDesc><dataLang><languageCode value="eng" Sync="TRUE"/><countryCode value="USA" Sync="TRUE"/></dataLang><idCitation xmlns=""><resTitle Sync="FALSE">SALURBAL_L1_CityCenter_PublicIDs20230922</resTitle><presForm xmlns=""><PresFormCd value="005" Sync="TRUE"/></presForm><citRespParty xmlns=""><rpIndName>Steven Melly</rpIndName><rpOrgName>Urban Health Collaborative Dornsife School of Public Health Drexel University</rpOrgName><rpPosName>GIS Analyst</rpPosName><rpCntInfo xmlns=""><cntAddress addressType="both"><delPoint>3600 Market St Room 704</delPoint><city>Philadelphia</city><adminArea>PA</adminArea><postCode>19104</postCode><country>US</country></cntAddress></rpCntInfo><displayName>Steven Melly</displayName><role><RoleCd value="009"/></role></citRespParty></idCitation><spatRpType><SpatRepTypCd value="001" Sync="TRUE"/></spatRpType><idPurp>Location of city centers for SALURBAL cities</idPurp><idAbs>&lt;DIV STYLE="text-align:Left;"&gt;&lt;DIV&gt;&lt;DIV&gt;&lt;P&gt;&lt;SPAN&gt;See BEC_Variables_v17_20210104.docx Appendix 6 Identifying and Validating Level 1 City Centers&lt;/SPAN&gt;&lt;/P&gt;&lt;P&gt;&lt;SPAN&gt;Data received from Xavier Delclos-Alio from Built Environment Core 12/23/2020&lt;/SPAN&gt;&lt;/P&gt;&lt;P&gt;&lt;SPAN&gt;9/22/2023 Corrections made to L1NAME2 Metadata updated&lt;/SPAN&gt;&lt;/P&gt;&lt;/DIV&gt;&lt;/DIV&gt;&lt;/DIV&gt;</idAbs><idCredit>SALURBAL
Urban Health Collaborative
Dornsife School of Public Health, Drexel University
Quistberg, D. A., Diez Roux, A. V., Bilal, U., Moore, K., Ortigoza, A., Rodriguez, D. A., Sarmiento, O. L., Frenz, P., Friche, A. A., Caiaffa, W. T., Vives, A., &amp; Miranda, J. J. (2019). Building a Data Platform for Cross-Country Urban Health Studies: the SALURBAL Study. Journal of Urban Health, 96(2), 311-337. https://doi.org/10.1007/s11524-018-00326-0</idCredit><searchKeys><keyword>Latin America</keyword><keyword>Urban Health</keyword></searchKeys><dataExt xmlns=""><geoEle xmlns=""><GeoBndBox esriExtentType="search"><exTypeCode Sync="TRUE">1</exTypeCode><westBL Sync="TRUE">-117.018930</westBL><eastBL Sync="TRUE">-34.872446</eastBL><northBL Sync="TRUE">32.639913</northBL><southBL Sync="TRUE">-53.163174</southBL></GeoBndBox></geoEle><exDesc>SALURBAL Cities</exDesc></dataExt><idPoC xmlns=""><rpIndName>Steven Melly</rpIndName><rpOrgName>Urban Health Collaborative Dornsife School of Public Health Drexel University</rpOrgName><rpPosName>GIS Analyst</rpPosName><rpCntInfo xmlns=""><cntAddress addressType="both"><delPoint>3600 Market St Room 704</delPoint><city>Philadelphia</city><adminArea>PA</adminArea><postCode>19104</postCode><country>US</country></cntAddress></rpCntInfo><displayName>Steven Melly</displayName><role><RoleCd value="009"/></role><displayName>Steven Melly</displayName></idPoC></dataIdInfo><mdLang><languageCode value="eng" Sync="TRUE"/><countryCode value="USA" Sync="TRUE"/></mdLang><distInfo><distFormat><formatName Sync="TRUE">Shapefile</formatName></distFormat><distTranOps><transSize Sync="TRUE">0.000</transSize></distTranOps></distInfo><mdHrLv><ScopeCd value="005" Sync="TRUE"/></mdHrLv><mdHrLvName Sync="TRUE">dataset</mdHrLvName><refSysInfo><RefSystem dimension=""><refSysID xmlns=""><identCode code="4326" Sync="TRUE"/><idCodeSpace Sync="TRUE">EPSG</idCodeSpace><idVersion Sync="TRUE">6.2(3.0.1)</idVersion></refSysID></RefSystem></refSysInfo><spatRepInfo><VectSpatRep><geometObjs Name="SALURBAL_L1_CityCenter_PublicIDs20230922"><geoObjTyp><GeoObjTypCd value="004" Sync="TRUE"></GeoObjTypCd></geoObjTyp><geoObjCnt Sync="TRUE">0</geoObjCnt></geometObjs><topLvl><TopoLevCd value="001" Sync="TRUE"></TopoLevCd></topLvl></VectSpatRep></spatRepInfo><spdoinfo><ptvctinf><esriterm Name="SALURBAL_L1_CityCenter_PublicIDs20230922"><efeatyp Sync="TRUE">Simple</efeatyp><efeageom code="1" Sync="TRUE"></efeageom><esritopo Sync="TRUE">FALSE</esritopo><efeacnt Sync="TRUE">0</efeacnt><spindex Sync="TRUE">FALSE</spindex><linrefer Sync="TRUE">FALSE</linrefer></esriterm></ptvctinf></spdoinfo><eainfo><detailed Name="SALURBAL_L1_CityCenter_PublicIDs20230922" xmlns=""><enttyp><enttypl Sync="TRUE">SALURBAL_L1_CityCenter_PublicIDs20230922</enttypl><enttypt Sync="TRUE">Feature Class</enttypt><enttypc Sync="TRUE">0</enttypc><enttypd>City center locations used by SALURBAL</enttypd><enttypds>SALURBAL</enttypds></enttyp><attr><attrlabl Sync="TRUE">FID</attrlabl><attalias Sync="TRUE">FID</attalias><attrtype Sync="TRUE">OID</attrtype><attwidth Sync="TRUE">4</attwidth><atprecis Sync="TRUE">0</atprecis><attscale Sync="TRUE">0</attscale><attrdef Sync="TRUE">Internal feature number.</attrdef><attrdefs Sync="TRUE">Esri</attrdefs><attrdomv><udom Sync="TRUE">Sequential unique whole numbers that are automatically generated.</udom></attrdomv></attr><attr xmlns=""><attrlabl Sync="TRUE">Shape</attrlabl><attalias Sync="TRUE">Shape</attalias><attrtype Sync="TRUE">Geometry</attrtype><attwidth Sync="TRUE">0</attwidth><atprecis Sync="TRUE">0</atprecis><attscale Sync="TRUE">0</attscale><attrdef Sync="TRUE">Feature geometry.</attrdef><attrdefs Sync="TRUE">Esri</attrdefs><attrdomv><udom Sync="TRUE">Coordinates defining the features.</udom></attrdomv></attr><attr xmlns=""><attrlabl Sync="TRUE">L1Name</attrlabl><attalias Sync="TRUE">L1Name</attalias><attrtype Sync="TRUE">String</attrtype><attwidth Sync="TRUE">254</attwidth><atprecis Sync="TRUE">0</atprecis><attscale Sync="TRUE">0</attscale><attrdef>City Name</attrdef><attrdefs>SALURBAL</attrdefs><attrdomv><udom>City names used by SALURBAL without diacritical marks</udom></attrdomv></attr><attr xmlns=""><attrlabl Sync="TRUE">Country</attrlabl><attalias Sync="TRUE">Country</attalias><attrtype Sync="TRUE">String</attrtype><attwidth Sync="TRUE">254</attwidth><atprecis Sync="TRUE">0</atprecis><attscale Sync="TRUE">0</attscale><attrdef>Country name</attrdef><attrdefs>SALURBAL</attrdefs><attrdomv><udom>Country names</udom></attrdomv></attr><attr><attrlabl Sync="TRUE">BEC_CityCe</attrlabl><attalias Sync="TRUE">BEC_CityCe</attalias><attrtype Sync="TRUE">Double</attrtype><attwidth Sync="TRUE">19</attwidth><atprecis Sync="TRUE">0</atprecis><attscale Sync="TRUE">0</attscale></attr><attr><attrlabl Sync="TRUE">BEC_City_1</attrlabl><attalias Sync="TRUE">BEC_City_1</attalias><attrtype Sync="TRUE">Double</attrtype><attwidth Sync="TRUE">19</attwidth><atprecis Sync="TRUE">0</atprecis><attscale Sync="TRUE">0</attscale></attr><attr xmlns=""><attrlabl Sync="TRUE">L1NAME2</attrlabl><attalias Sync="TRUE">L1NAME2</attalias><attrtype Sync="TRUE">String</attrtype><attwidth Sync="TRUE">254</attwidth><atprecis Sync="TRUE">0</atprecis><attscale Sync="TRUE">0</attscale><attrdef>Alternative city name</attrdef><attrdefs>SALURBAL</attrdefs><attrdomv><udom>City names in language of country with diacritical marks</udom></attrdomv></attr><attr xmlns=""><attrlabl Sync="TRUE">ADM1LOCID</attrlabl><attalias Sync="TRUE">ADM1LOCID</attalias><attrtype Sync="TRUE">String</attrtype><attwidth Sync="TRUE">254</attwidth><atprecis Sync="TRUE">0</atprecis><attscale Sync="TRUE">0</attscale><attrdef>First administrative level local ID</attrdef><attrdefs>SALURBAL</attrdefs><attrdomv><udom>Administrative ID used by country</udom></attrdomv></attr><attr xmlns=""><attrlabl Sync="TRUE">ADM1NAME</attrlabl><attalias Sync="TRUE">ADM1NAME</attalias><attrtype Sync="TRUE">String</attrtype><attwidth Sync="TRUE">254</attwidth><atprecis Sync="TRUE">0</atprecis><attscale Sync="TRUE">0</attscale><attrdef>First administrative level name</attrdef><attrdefs>SALURBAL</attrdefs><attrdomv><udom>Name used by country with diacritical marks</udom></attrdomv></attr><attr xmlns=""><attrlabl Sync="TRUE">COUNTRYAB</attrlabl><attalias Sync="TRUE">COUNTRYAB</attalias><attrtype Sync="TRUE">String</attrtype><attwidth Sync="TRUE">2</attwidth><atprecis Sync="TRUE">0</atprecis><attscale Sync="TRUE">0</attscale><attrdef>Country abbreviation</attrdef><attrdefs>SALURBAL</attrdefs><attrdomv><codesetd xmlns=""><codesetn>Two-letter country codes</codesetn><codesets>International Organization for Standardization (ISO) 3166_1 alpha-2</codesets></codesetd></attrdomv></attr><attr xmlns=""><attrlabl Sync="TRUE">PUBSALID1</attrlabl><attalias Sync="TRUE">PUBSALID1</attalias><attrtype Sync="TRUE">Integer</attrtype><attwidth Sync="TRUE">10</attwidth><atprecis Sync="TRUE">10</atprecis><attscale Sync="TRUE">0</attscale><attrdef>Public SALURBAL ID</attrdef><attrdefs>SALURBAL</attrdefs><attrdomv><codesetd xmlns=""><codesetn>Public Level 1 ID</codesetn><codesets>SALURBAL</codesets></codesetd></attrdomv></attr></detailed></eainfo><mdDateSt Sync="TRUE">20230928</mdDateSt><mdContact xmlns=""><rpIndName>Steven Melly</rpIndName><rpOrgName>Urban Health Collaborative Dornsife School of Public Health Drexel University</rpOrgName><rpPosName>GIS Analyst</rpPosName><rpCntInfo><cntAddress addressType="both"><delPoint>3600 Market St Room 704</delPoint><city>Philadelphia</city><adminArea>PA</adminArea><postCode>19104</postCode><country>US</country></cntAddress></rpCntInfo><displayName>Steven Melly</displayName><role><RoleCd value="009"/></role><displayName>Steven Melly</displayName></mdContact></metadata>
