<metadata xml:lang="en"><Esri><CreaDate>20230824</CreaDate><CreaTime>16474700</CreaTime><ArcGISFormat>1.0</ArcGISFormat><ArcGISstyle>ISO 19139 Metadata Implementation Specification</ArcGISstyle><SyncOnce>FALSE</SyncOnce><DataProperties><lineage><Process ToolSource="c:\program files (x86)\arcgis\desktop10.5\ArcToolbox\Toolboxes\Data Management Tools.tbx\CalculateField" Date="20170905" Time="163731" Name="" export="">CalculateField pxdptodatosok_sm instudy_9_17 1 VB #</Process><Process ToolSource="c:\program files (x86)\arcgis\desktop10.5\ArcToolbox\Toolboxes\Data Management Tools.tbx\CalculateField" Date="20170905" Time="164011" Name="" export="">CalculateField pxdptodatosok_sm SALID1 101106 VB #</Process><Process ToolSource="c:\program files (x86)\arcgis\desktop10.5\ArcToolbox\Toolboxes\Data Management Tools.tbx\CalculateField" Date="20170905" Time="164016" Name="" export="">CalculateField pxdptodatosok_sm SALID2 101106 VB #</Process><Process ToolSource="c:\program files (x86)\arcgis\desktop10.5\ArcToolbox\Toolboxes\Data Management Tools.tbx\CalculateField" Date="20170905" Time="164203" Name="" export="">CalculateField pxdptodatosok_sm SALID1 101107 VB #</Process><Process ToolSource="c:\program files (x86)\arcgis\desktop10.5\ArcToolbox\Toolboxes\Data Management Tools.tbx\CalculateField" Date="20170905" Time="164214" Name="" export="">CalculateField pxdptodatosok_sm SALID2 101107 VB #</Process><Process ToolSource="c:\program files (x86)\arcgis\desktop10.5\ArcToolbox\Toolboxes\Data Management Tools.tbx\CalculateField" Date="20170905" Time="164553" Name="" export="">CalculateField pxdptodatosok_sm SALID1 101109 VB #</Process><Process ToolSource="c:\program files (x86)\arcgis\desktop10.5\ArcToolbox\Toolboxes\Data Management Tools.tbx\CalculateField" Date="20170905" Time="164558" Name="" export="">CalculateField pxdptodatosok_sm SALID2 101109 VB #</Process><Process ToolSource="c:\program files (x86)\arcgis\desktop10.5\ArcToolbox\Toolboxes\Data Management Tools.tbx\CalculateField" Date="20170905" Time="165157" Name="" export="">CalculateField pxdptodatosok_sm SALID1 101116 VB #</Process><Process ToolSource="c:\program files (x86)\arcgis\desktop10.5\ArcToolbox\Toolboxes\Data Management Tools.tbx\CalculateField" Date="20170905" Time="165203" Name="" export="">CalculateField pxdptodatosok_sm SALID2 101116 VB #</Process><Process ToolSource="c:\program files (x86)\arcgis\desktop10.5\ArcToolbox\Toolboxes\Data Management Tools.tbx\CalculateField" Date="20170905" Time="165407" Name="" export="">CalculateField pxdptodatosok_sm SALID1 101117 VB #</Process><Process ToolSource="c:\program files (x86)\arcgis\desktop10.5\ArcToolbox\Toolboxes\Data Management Tools.tbx\CalculateField" Date="20170905" Time="165413" Name="" export="">CalculateField pxdptodatosok_sm SALID2 101117 VB #</Process><Process ToolSource="c:\program files (x86)\arcgis\desktop10.5\ArcToolbox\Toolboxes\Data Management Tools.tbx\CalculateField" Date="20170905" Time="170216" Name="" export="">CalculateField pxdptodatosok_sm SALID1 101119 VB #</Process><Process ToolSource="c:\program files (x86)\arcgis\desktop10.5\ArcToolbox\Toolboxes\Data Management Tools.tbx\CalculateField" Date="20170905" Time="170222" Name="" export="">CalculateField pxdptodatosok_sm SALID2 101119 VB #</Process><Process ToolSource="c:\program files (x86)\arcgis\desktop10.5\ArcToolbox\Toolboxes\Data Management Tools.tbx\CalculateField" Date="20170905" Time="170229" Name="" export="">CalculateField pxdptodatosok_sm instudy_9_17 1 VB #</Process><Process ToolSource="c:\program files (x86)\arcgis\desktop10.5\ArcToolbox\Toolboxes\Data Management Tools.tbx\CalculateField" Date="20170906" Time="090524" Name="" export="">CalculateField pxdptodatosok_sm SALID1 101122 VB #</Process><Process ToolSource="c:\program files (x86)\arcgis\desktop10.5\ArcToolbox\Toolboxes\Data Management Tools.tbx\CalculateField" Date="20170906" Time="090534" Name="" export="">CalculateField pxdptodatosok_sm SALID2 101122 VB #</Process><Process ToolSource="c:\program files (x86)\arcgis\desktop10.5\ArcToolbox\Toolboxes\Data Management Tools.tbx\CalculateField" Date="20170906" Time="090743" Name="" export="">CalculateField pxdptodatosok_sm SALID1 101124 VB #</Process><Process ToolSource="c:\program files (x86)\arcgis\desktop10.5\ArcToolbox\Toolboxes\Data Management Tools.tbx\CalculateField" Date="20170906" Time="090749" Name="" export="">CalculateField pxdptodatosok_sm SALID2 101124 VB #</Process><Process ToolSource="c:\program files (x86)\arcgis\desktop10.5\ArcToolbox\Toolboxes\Data Management Tools.tbx\CalculateField" Date="20170906" Time="091015" Name="" export="">CalculateField pxdptodatosok_sm SALID1 101128 VB #</Process><Process ToolSource="c:\program files (x86)\arcgis\desktop10.5\ArcToolbox\Toolboxes\Data Management Tools.tbx\CalculateField" Date="20170906" Time="091020" Name="" export="">CalculateField pxdptodatosok_sm SALID2 101128 VB #</Process><Process ToolSource="c:\program files (x86)\arcgis\desktop10.5\ArcToolbox\Toolboxes\Data Management Tools.tbx\CalculateField" Date="20170906" Time="091105" Name="" export="">CalculateField pxdptodatosok_sm instudy_9_17 1 VB #</Process><Process ToolSource="c:\program files (x86)\arcgis\desktop10.5\ArcToolbox\Toolboxes\Data Management Tools.tbx\CalculateField" Date="20170906" Time="091426" Name="" export="">CalculateField pxdptodatosok_sm instudy_9_17 1 VB #</Process><Process ToolSource="c:\program files (x86)\arcgis\desktop10.5\ArcToolbox\Toolboxes\Data Management Tools.tbx\CalculateField" Date="20170906" Time="091437" Name="" export="">CalculateField pxdptodatosok_sm SALID1 101126 VB #</Process><Process ToolSource="c:\program files (x86)\arcgis\desktop10.5\ArcToolbox\Toolboxes\Data Management Tools.tbx\CalculateField" Date="20170906" Time="091442" Name="" export="">CalculateField pxdptodatosok_sm SALID2 101126 VB #</Process><Process ToolSource="c:\program files (x86)\arcgis\desktop10.5\ArcToolbox\Toolboxes\Data Management Tools.tbx\CalculateField" Date="20170908" Time="145431" Name="" export="">CalculateField pxdptodatosok_sm SALID1 101125 VB #</Process><Process ToolSource="c:\program files (x86)\arcgis\desktop10.5\ArcToolbox\Toolboxes\Data Management Tools.tbx\CalculateField" Date="20170908" Time="145440" Name="" export="">CalculateField pxdptodatosok_sm SALID2 101125 VB #</Process><Process ToolSource="c:\program files (x86)\arcgis\desktop10.5\ArcToolbox\Toolboxes\Data Management Tools.tbx\CalculateField" Date="20170908" Time="145853" Name="" export="">CalculateField pxdptodatosok_sm SALID1 101132 VB #</Process><Process ToolSource="c:\program files (x86)\arcgis\desktop10.5\ArcToolbox\Toolboxes\Data Management Tools.tbx\CalculateField" Date="20170908" Time="145858" Name="" export="">CalculateField pxdptodatosok_sm SALID2 101132 VB #</Process><Process ToolSource="c:\program files (x86)\arcgis\desktop10.5\ArcToolbox\Toolboxes\Data Management Tools.tbx\CalculateField" Date="20170908" Time="145950" Name="" export="">CalculateField pxdptodatosok_sm instudy_9_17 1 VB #</Process><Process ToolSource="c:\program files (x86)\arcgis\desktop10.5\ArcToolbox\Toolboxes\Data Management Tools.tbx\CalculateField" Date="20170908" Time="153754" Name="" export="">CalculateField pxdptodatosok_sm SALID1 101112 VB #</Process><Process ToolSource="c:\program files (x86)\arcgis\desktop10.5\ArcToolbox\Toolboxes\Data Management Tools.tbx\CalculateField" Date="20170908" Time="153802" Name="" export="">CalculateField pxdptodatosok_sm instudy_9_17 1 VB #</Process><Process ToolSource="c:\program files (x86)\arcgis\desktop10.5\ArcToolbox\Toolboxes\Data Management Tools.tbx\CalculateField" Date="20170908" Time="160408" Name="" export="">CalculateField pxdptodatosok_sm SALID1 101135 VB #</Process><Process ToolSource="c:\program files (x86)\arcgis\desktop10.5\ArcToolbox\Toolboxes\Data Management Tools.tbx\CalculateField" Date="20170908" Time="160418" Name="" export="">CalculateField pxdptodatosok_sm SALID2 101135 VB #</Process><Process ToolSource="c:\program files (x86)\arcgis\desktop10.5\ArcToolbox\Toolboxes\Data Management Tools.tbx\Append" Date="20180314" Time="153416" Name="" export="">Append addtol2_3_14_18 ARDpt_SALID2v3 NO_TEST "link "link" true true false 254 Text 0 0 ,First,#,addtol2_3_14_18,link,-1,-1;codpcia "codpcia" true true false 254 Text 0 0 ,First,#,addtol2_3_14_18,codpcia,-1,-1;departamen "departamen" true true false 254 Text 0 0 ,First,#,addtol2_3_14_18,departamen,-1,-1;provincia "provincia" true true false 254 Text 0 0 ,First,#,addtol2_3_14_18,provincia,-1,-1;mujeres "mujeres" true true false 21 Text 0 0 ,First,#,addtol2_3_14_18,mujeres,-1,-1;varones "varones" true true false 21 Text 0 0 ,First,#,addtol2_3_14_18,varones,-1,-1;personas "personas" true true false 21 Text 0 0 ,First,#,addtol2_3_14_18,personas,-1,-1;hogares "hogares" true true false 21 Text 0 0 ,First,#,addtol2_3_14_18,hogares,-1,-1;viv_part "viv_part" true true false 21 Text 0 0 ,First,#,addtol2_3_14_18,viv_part,-1,-1;viv_part_h "viv_part_h" true true false 21 Text 0 0 ,First,#,addtol2_3_14_18,viv_part_h,-1,-1;SALID1 "SALID1" true true false 4 Long 0 0 ,First,#;SALID2 "SALID2" true true false 4 Long 0 0 ,First,#;Shape_Length "Shape_Length" false true true 8 Double 0 0 ,First,#,addtol2_3_14_18,Shape_Length,-1,-1;Shape_Area "Shape_Area" false true true 8 Double 0 0 ,First,#,addtol2_3_14_18,Shape_Area,-1,-1" #</Process><Process ToolSource="c:\program files\arcgis\pro\Resources\ArcToolbox\toolboxes\Conversion Tools.tbx\FeatureClassToFeatureClass" Date="20190923" Time="135721" Name="" export="">FeatureClassToFeatureClass ARDpt_SALID2v4 "W:\Projects\Wellcome_Trust\Data Methods Core\Geodatabases\SALURBAL\AR\AR_SALURBAL_1_29_19.gdb" ARDPT_SALURBAL_9_23_19 # "link "link" true true false 254 Text 0 0,First,#,ARDpt_SALID2v4,link,0,254;codpcia "codpcia" true true false 254 Text 0 0,First,#,ARDpt_SALID2v4,codpcia,0,254;departamen "departamen" true true false 254 Text 0 0,First,#,ARDpt_SALID2v4,departamen,0,254;provincia "provincia" true true false 254 Text 0 0,First,#,ARDpt_SALID2v4,provincia,0,254;mujeres "mujeres" true true false 21 Text 0 0,First,#,ARDpt_SALID2v4,mujeres,0,21;varones "varones" true true false 21 Text 0 0,First,#,ARDpt_SALID2v4,varones,0,21;personas "personas" true true false 21 Text 0 0,First,#,ARDpt_SALID2v4,personas,0,21;hogares "hogares" true true false 21 Text 0 0,First,#,ARDpt_SALID2v4,hogares,0,21;viv_part "viv_part" true true false 21 Text 0 0,First,#,ARDpt_SALID2v4,viv_part,0,21;viv_part_h "viv_part_h" true true false 21 Text 0 0,First,#,ARDpt_SALID2v4,viv_part_h,0,21;SALID1 "SALID1" true true false 4 Long 0 0,First,#,ARDpt_SALID2v4,SALID1,-1,-1;SALID2 "SALID2" true true false 4 Long 0 0,First,#,ARDpt_SALID2v4,SALID2,-1,-1;Shape_Length "Shape_Length" false true true 8 Double 0 0,First,#,ARDpt_SALID2v4,Shape_Length,-1,-1;Shape_Area "Shape_Area" false true true 8 Double 0 0,First,#,ARDpt_SALID2v4,Shape_Area,-1,-1" #</Process><Process ToolSource="c:\program files\arcgis\pro\Resources\ArcToolbox\toolboxes\Data Management Tools.tbx\DeleteField" Date="20190923" Time="135851" Name="" export="">DeleteField ARDPT_SALURBAL_9_23_19 mujeres</Process><Process ToolSource="c:\program files\arcgis\pro\Resources\ArcToolbox\toolboxes\Data Management Tools.tbx\DeleteField" Date="20190923" Time="135857" Name="" export="">DeleteField ARDPT_SALURBAL_9_23_19 varones</Process><Process ToolSource="c:\program files\arcgis\pro\Resources\ArcToolbox\toolboxes\Data Management Tools.tbx\DeleteField" Date="20190923" Time="135902" Name="" export="">DeleteField ARDPT_SALURBAL_9_23_19 personas</Process><Process ToolSource="c:\program files\arcgis\pro\Resources\ArcToolbox\toolboxes\Data Management Tools.tbx\DeleteField" Date="20190923" Time="135908" Name="" export="">DeleteField ARDPT_SALURBAL_9_23_19 hogares</Process><Process ToolSource="c:\program files\arcgis\pro\Resources\ArcToolbox\toolboxes\Data Management Tools.tbx\DeleteField" Date="20190923" Time="135913" Name="" export="">DeleteField ARDPT_SALURBAL_9_23_19 viv_part</Process><Process ToolSource="c:\program files\arcgis\pro\Resources\ArcToolbox\toolboxes\Data Management Tools.tbx\DeleteField" Date="20190923" Time="135919" Name="" export="">DeleteField ARDPT_SALURBAL_9_23_19 viv_part_h</Process><Process ToolSource="c:\program files\arcgis\pro\Resources\ArcToolbox\toolboxes\Data Management Tools.tbx\UpdateSchema" Date="20190923" Time="140011" Name="" export="">UpdateSchema "CIMDATA=&lt;CIMStandardDataConnection xsi:type='typens:CIMStandardDataConnection' xmlns:xsi='http://www.w3.org/2001/XMLSchema-instance' xmlns:xs='http://www.w3.org/2001/XMLSchema' xmlns:typens='http://www.esri.com/schemas/ArcGIS/2.4.0'&gt;&lt;WorkspaceConnectionString&gt;DATABASE=W:\Projects\Wellcome_Trust\Data Methods Core\Geodatabases\SALURBAL\AR\AR_SALURBAL_1_29_19.gdb&lt;/WorkspaceConnectionString&gt;&lt;WorkspaceFactory&gt;FileGDB&lt;/WorkspaceFactory&gt;&lt;Dataset&gt;ARDPT_SALURBAL_9_23_19&lt;/Dataset&gt;&lt;DatasetType&gt;esriDTFeatureClass&lt;/DatasetType&gt;&lt;/CIMStandardDataConnection&gt;" &lt;operationSequence&gt;&lt;workflow&gt;&lt;AlterField&gt;&lt;field_name&gt;link&lt;/field_name&gt;&lt;new_field_name&gt;L2LOCALID&lt;/new_field_name&gt;&lt;field_type&gt;TEXT&lt;/field_type&gt;&lt;field_is_nullable&gt;True&lt;/field_is_nullable&gt;&lt;clear_field_alias&gt;False&lt;/clear_field_alias&gt;&lt;/AlterField&gt;&lt;/workflow&gt;&lt;/operationSequence&gt;</Process><Process ToolSource="c:\program files\arcgis\pro\Resources\ArcToolbox\toolboxes\Data Management Tools.tbx\UpdateSchema" Date="20190923" Time="140049" Name="" export="">UpdateSchema "CIMDATA=&lt;CIMStandardDataConnection xsi:type='typens:CIMStandardDataConnection' xmlns:xsi='http://www.w3.org/2001/XMLSchema-instance' xmlns:xs='http://www.w3.org/2001/XMLSchema' xmlns:typens='http://www.esri.com/schemas/ArcGIS/2.4.0'&gt;&lt;WorkspaceConnectionString&gt;DATABASE=W:\Projects\Wellcome_Trust\Data Methods Core\Geodatabases\SALURBAL\AR\AR_SALURBAL_1_29_19.gdb&lt;/WorkspaceConnectionString&gt;&lt;WorkspaceFactory&gt;FileGDB&lt;/WorkspaceFactory&gt;&lt;Dataset&gt;ARDPT_SALURBAL_9_23_19&lt;/Dataset&gt;&lt;DatasetType&gt;esriDTFeatureClass&lt;/DatasetType&gt;&lt;/CIMStandardDataConnection&gt;" &lt;operationSequence&gt;&lt;workflow&gt;&lt;AlterField&gt;&lt;field_name&gt;codpcia&lt;/field_name&gt;&lt;new_field_name&gt;ADM1ID&lt;/new_field_name&gt;&lt;field_type&gt;TEXT&lt;/field_type&gt;&lt;field_is_nullable&gt;True&lt;/field_is_nullable&gt;&lt;clear_field_alias&gt;False&lt;/clear_field_alias&gt;&lt;/AlterField&gt;&lt;/workflow&gt;&lt;workflow&gt;&lt;AlterField&gt;&lt;field_name&gt;departamen&lt;/field_name&gt;&lt;new_field_name&gt;L2NAME&lt;/new_field_name&gt;&lt;field_type&gt;TEXT&lt;/field_type&gt;&lt;field_is_nullable&gt;True&lt;/field_is_nullable&gt;&lt;clear_field_alias&gt;False&lt;/clear_field_alias&gt;&lt;/AlterField&gt;&lt;/workflow&gt;&lt;workflow&gt;&lt;AlterField&gt;&lt;field_name&gt;provincia&lt;/field_name&gt;&lt;new_field_name&gt;ADM1NAME&lt;/new_field_name&gt;&lt;field_type&gt;TEXT&lt;/field_type&gt;&lt;field_is_nullable&gt;True&lt;/field_is_nullable&gt;&lt;clear_field_alias&gt;False&lt;/clear_field_alias&gt;&lt;/AlterField&gt;&lt;/workflow&gt;&lt;/operationSequence&gt;</Process><Process ToolSource="c:\program files\arcgis\pro\Resources\ArcToolbox\toolboxes\Conversion Tools.tbx\FeatureClassToFeatureClass" Date="20191009" Time="091404" Name="" export="">FeatureClassToFeatureClass ARDPT_SALURBAL_9_23_19 "W:\Projects\Wellcome_Trust\Data Methods Core\Geodatabases\SALURBAL\AR\AR_SALURBAL_1_29_19.gdb" ARDPT_SALURBAL_10_9_19 # "L2LOCALID "link" true true false 254 Text 0 0,First,#,ARDPT_SALURBAL_9_23_19,L2LOCALID,0,254;ADM1ID "codpcia" true true false 254 Text 0 0,First,#,ARDPT_SALURBAL_9_23_19,ADM1ID,0,254;L2NAME "departamen" true true false 254 Text 0 0,First,#,ARDPT_SALURBAL_9_23_19,L2NAME,0,254;ADM1NAME "provincia" true true false 254 Text 0 0,First,#,ARDPT_SALURBAL_9_23_19,ADM1NAME,0,254;SALID1 "SALID1" true true false 4 Long 0 0,First,#,ARDPT_SALURBAL_9_23_19,SALID1,-1,-1;SALID2 "SALID2" true true false 4 Long 0 0,First,#,ARDPT_SALURBAL_9_23_19,SALID2,-1,-1;Shape_Length "Shape_Length" false true true 8 Double 0 0,First,#,ARDPT_SALURBAL_9_23_19,Shape_Length,-1,-1;Shape_Area "Shape_Area" false true true 8 Double 0 0,First,#,ARDPT_SALURBAL_9_23_19,Shape_Area,-1,-1" #</Process><Process ToolSource="c:\program files\arcgis\pro\Resources\ArcToolbox\toolboxes\Data Management Tools.tbx\Append" Date="20191009" Time="092245" Name="" export="">Append pxdptodatosok ARDPT_SALURBAL_10_9_19 "Use the Field Map to reconcile schema differences" "L2LOCALID "link" true true false 254 Text 0 0,First,#,pxdptodatosok,link,0,254;ADM1ID "codpcia" true true false 254 Text 0 0,First,#,pxdptodatosok,codpcia,0,254;L2NAME "departamen" true true false 254 Text 0 0,First,#,pxdptodatosok,departamen,0,254;ADM1NAME "provincia" true true false 254 Text 0 0,First,#,pxdptodatosok,provincia,0,254;SALID1 "SALID1" true true false 4 Long 0 0,First,#;SALID2 "SALID2" true true false 4 Long 0 0,First,#" # #</Process><Process ToolSource="c:\program files\arcgis\pro\Resources\ArcToolbox\toolboxes\Data Management Tools.tbx\UpdateSchema" Date="20191009" Time="092752" Name="" export="">UpdateSchema "CIMDATA=&lt;CIMStandardDataConnection xsi:type='typens:CIMStandardDataConnection' xmlns:xsi='http://www.w3.org/2001/XMLSchema-instance' xmlns:xs='http://www.w3.org/2001/XMLSchema' xmlns:typens='http://www.esri.com/schemas/ArcGIS/2.4.0'&gt;&lt;WorkspaceConnectionString&gt;DATABASE=W:\Projects\Wellcome_Trust\Data Methods Core\Geodatabases\SALURBAL\AR\AR_SALURBAL_1_29_19.gdb&lt;/WorkspaceConnectionString&gt;&lt;WorkspaceFactory&gt;FileGDB&lt;/WorkspaceFactory&gt;&lt;Dataset&gt;ARDPT_SALURBAL_10_9_19&lt;/Dataset&gt;&lt;DatasetType&gt;esriDTFeatureClass&lt;/DatasetType&gt;&lt;/CIMStandardDataConnection&gt;" &lt;operationSequence&gt;&lt;workflow&gt;&lt;AddField&gt;&lt;field_name&gt;SALMAID1&lt;/field_name&gt;&lt;field_type&gt;LONG&lt;/field_type&gt;&lt;field_alias&gt;SALMAID1&lt;/field_alias&gt;&lt;field_is_nullable&gt;True&lt;/field_is_nullable&gt;&lt;field_is_required&gt;False&lt;/field_is_required&gt;&lt;/AddField&gt;&lt;/workflow&gt;&lt;workflow&gt;&lt;AddField&gt;&lt;field_name&gt;SALMAID2&lt;/field_name&gt;&lt;field_type&gt;LONG&lt;/field_type&gt;&lt;field_alias&gt;SALMAID2&lt;/field_alias&gt;&lt;field_is_nullable&gt;True&lt;/field_is_nullable&gt;&lt;field_is_required&gt;False&lt;/field_is_required&gt;&lt;/AddField&gt;&lt;/workflow&gt;&lt;workflow&gt;&lt;AddField&gt;&lt;field_name&gt;SALMBID1&lt;/field_name&gt;&lt;field_type&gt;LONG&lt;/field_type&gt;&lt;field_alias&gt;SALMBID1&lt;/field_alias&gt;&lt;field_is_nullable&gt;True&lt;/field_is_nullable&gt;&lt;field_is_required&gt;False&lt;/field_is_required&gt;&lt;/AddField&gt;&lt;/workflow&gt;&lt;workflow&gt;&lt;AddField&gt;&lt;field_name&gt;SALMBID2&lt;/field_name&gt;&lt;field_type&gt;LONG&lt;/field_type&gt;&lt;field_alias&gt;SALMBID2&lt;/field_alias&gt;&lt;field_is_nullable&gt;True&lt;/field_is_nullable&gt;&lt;field_is_required&gt;False&lt;/field_is_required&gt;&lt;/AddField&gt;&lt;/workflow&gt;&lt;/operationSequence&gt;</Process><Process ToolSource="c:\program files\arcgis\pro\Resources\ArcToolbox\toolboxes\Conversion Tools.tbx\FeatureClassToFeatureClass" Date="20191009" Time="122247" Name="" export="">FeatureClassToFeatureClass ARDPT_SALURBAL_10_9_19 C:\Users\sjm389\Documents\ArcGIS\Projects\SALURBAL_LEVEL2\SALURBAL_LEVEL2.gdb SALURBAL_L2_10_9_19 # "L2LOCALID "link" true true false 254 Text 0 0,First,#,ARDPT_SALURBAL_10_9_19,L2LOCALID,0,254;SALID1 "SALID1" true true false 4 Long 0 0,First,#,ARDPT_SALURBAL_10_9_19,SALID1,-1,-1;SALID2 "SALID2" true true false 4 Long 0 0,First,#,ARDPT_SALURBAL_10_9_19,SALID2,-1,-1;ADM1ID "codpcia" true true false 254 Text 0 0,First,#,ARDPT_SALURBAL_10_9_19,ADM1ID,0,254;ADM1NAME "provincia" true true false 254 Text 0 0,First,#,ARDPT_SALURBAL_10_9_19,ADM1NAME,0,254;L2NAME "departamen" true true false 254 Text 0 0,First,#,ARDPT_SALURBAL_10_9_19,L2NAME,0,254;SALMAID1 "SALMAID1" true true false 4 Long 0 0,First,#,ARDPT_SALURBAL_10_9_19,SALMAID1,-1,-1;SALMAID2 "SALMAID2" true true false 4 Long 0 0,First,#,ARDPT_SALURBAL_10_9_19,SALMAID2,-1,-1;SALMBID1 "SALMBID1" true true false 4 Long 0 0,First,#,ARDPT_SALURBAL_10_9_19,SALMBID1,-1,-1;SALMBID2 "SALMBID2" true true false 4 Long 0 0,First,#,ARDPT_SALURBAL_10_9_19,SALMBID2,-1,-1;Shape_Area "Shape_Area" false true true 8 Double 0 0,First,#,ARDPT_SALURBAL_10_9_19,Shape_Area,-1,-1;Shape_Length "Shape_Length" false true true 8 Double 0 0,First,#,ARDPT_SALURBAL_10_9_19,Shape_Length,-1,-1" #</Process><Process ToolSource="c:\program files\arcgis\pro\Resources\ArcToolbox\toolboxes\Data Management Tools.tbx\UpdateSchema" Date="20191009" Time="123541" Name="" export="">UpdateSchema "CIMDATA=&lt;CIMStandardDataConnection xsi:type='typens:CIMStandardDataConnection' xmlns:xsi='http://www.w3.org/2001/XMLSchema-instance' xmlns:xs='http://www.w3.org/2001/XMLSchema' xmlns:typens='http://www.esri.com/schemas/ArcGIS/2.4.0'&gt;&lt;WorkspaceConnectionString&gt;DATABASE=C:\Users\sjm389\Documents\ArcGIS\Projects\SALURBAL_LEVEL2\SALURBAL_LEVEL2.gdb&lt;/WorkspaceConnectionString&gt;&lt;WorkspaceFactory&gt;FileGDB&lt;/WorkspaceFactory&gt;&lt;Dataset&gt;SALURBAL_L2_10_9_19&lt;/Dataset&gt;&lt;DatasetType&gt;esriDTFeatureClass&lt;/DatasetType&gt;&lt;/CIMStandardDataConnection&gt;" &lt;operationSequence&gt;&lt;workflow&gt;&lt;AlterField&gt;&lt;field_name&gt;ADM1ID&lt;/field_name&gt;&lt;new_field_name&gt;ADM1LOCALID&lt;/new_field_name&gt;&lt;field_type&gt;TEXT&lt;/field_type&gt;&lt;field_is_nullable&gt;True&lt;/field_is_nullable&gt;&lt;clear_field_alias&gt;False&lt;/clear_field_alias&gt;&lt;/AlterField&gt;&lt;/workflow&gt;&lt;workflow&gt;&lt;AddField&gt;&lt;field_name&gt;COUNTRYAB&lt;/field_name&gt;&lt;field_type&gt;TEXT&lt;/field_type&gt;&lt;field_length&gt;2&lt;/field_length&gt;&lt;field_alias&gt;COUNTRYAB&lt;/field_alias&gt;&lt;field_is_nullable&gt;True&lt;/field_is_nullable&gt;&lt;field_is_required&gt;False&lt;/field_is_required&gt;&lt;/AddField&gt;&lt;/workflow&gt;&lt;workflow&gt;&lt;AddField&gt;&lt;field_name&gt;COUNTRY_SALID&lt;/field_name&gt;&lt;field_type&gt;LONG&lt;/field_type&gt;&lt;field_alias&gt;COUNTRY_SALID&lt;/field_alias&gt;&lt;field_is_nullable&gt;True&lt;/field_is_nullable&gt;&lt;field_is_required&gt;False&lt;/field_is_required&gt;&lt;/AddField&gt;&lt;/workflow&gt;&lt;workflow&gt;&lt;AddField&gt;&lt;field_name&gt;ADM1TYPE&lt;/field_name&gt;&lt;field_type&gt;TEXT&lt;/field_type&gt;&lt;field_length&gt;20&lt;/field_length&gt;&lt;field_alias&gt;ADM1TYPE&lt;/field_alias&gt;&lt;field_is_nullable&gt;True&lt;/field_is_nullable&gt;&lt;field_is_required&gt;False&lt;/field_is_required&gt;&lt;/AddField&gt;&lt;/workflow&gt;&lt;workflow&gt;&lt;AddField&gt;&lt;field_name&gt;ADM2ID&lt;/field_name&gt;&lt;field_type&gt;LONG&lt;/field_type&gt;&lt;field_alias&gt;ADM2ID&lt;/field_alias&gt;&lt;field_is_nullable&gt;True&lt;/field_is_nullable&gt;&lt;field_is_required&gt;False&lt;/field_is_required&gt;&lt;/AddField&gt;&lt;/workflow&gt;&lt;/operationSequence&gt;</Process><Process ToolSource="c:\program files\arcgis\pro\Resources\ArcToolbox\toolboxes\Data Management Tools.tbx\UpdateSchema" Date="20191009" Time="123611" Name="" export="">UpdateSchema "CIMDATA=&lt;CIMStandardDataConnection xsi:type='typens:CIMStandardDataConnection' xmlns:xsi='http://www.w3.org/2001/XMLSchema-instance' xmlns:xs='http://www.w3.org/2001/XMLSchema' xmlns:typens='http://www.esri.com/schemas/ArcGIS/2.4.0'&gt;&lt;WorkspaceConnectionString&gt;DATABASE=C:\Users\sjm389\Documents\ArcGIS\Projects\SALURBAL_LEVEL2\SALURBAL_LEVEL2.gdb&lt;/WorkspaceConnectionString&gt;&lt;WorkspaceFactory&gt;FileGDB&lt;/WorkspaceFactory&gt;&lt;Dataset&gt;SALURBAL_L2_10_9_19&lt;/Dataset&gt;&lt;DatasetType&gt;esriDTFeatureClass&lt;/DatasetType&gt;&lt;/CIMStandardDataConnection&gt;" &lt;operationSequence&gt;&lt;workflow&gt;&lt;AddField&gt;&lt;field_name&gt;Field&lt;/field_name&gt;&lt;field_type&gt;LONG&lt;/field_type&gt;&lt;field_alias&gt;Field&lt;/field_alias&gt;&lt;field_is_nullable&gt;True&lt;/field_is_nullable&gt;&lt;field_is_required&gt;False&lt;/field_is_required&gt;&lt;/AddField&gt;&lt;/workflow&gt;&lt;/operationSequence&gt;</Process><Process ToolSource="c:\program files\arcgis\pro\Resources\ArcToolbox\toolboxes\Data Management Tools.tbx\UpdateSchema" Date="20191009" Time="123635" Name="" export="">UpdateSchema "CIMDATA=&lt;CIMStandardDataConnection xsi:type='typens:CIMStandardDataConnection' xmlns:xsi='http://www.w3.org/2001/XMLSchema-instance' xmlns:xs='http://www.w3.org/2001/XMLSchema' xmlns:typens='http://www.esri.com/schemas/ArcGIS/2.4.0'&gt;&lt;WorkspaceConnectionString&gt;DATABASE=C:\Users\sjm389\Documents\ArcGIS\Projects\SALURBAL_LEVEL2\SALURBAL_LEVEL2.gdb&lt;/WorkspaceConnectionString&gt;&lt;WorkspaceFactory&gt;FileGDB&lt;/WorkspaceFactory&gt;&lt;Dataset&gt;SALURBAL_L2_10_9_19&lt;/Dataset&gt;&lt;DatasetType&gt;esriDTFeatureClass&lt;/DatasetType&gt;&lt;/CIMStandardDataConnection&gt;" &lt;operationSequence&gt;&lt;workflow&gt;&lt;DeleteField&gt;&lt;field_name&gt;Field&lt;/field_name&gt;&lt;field_name&gt;ADM2ID&lt;/field_name&gt;&lt;/DeleteField&gt;&lt;/workflow&gt;&lt;/operationSequence&gt;</Process><Process ToolSource="c:\program files\arcgis\pro\Resources\ArcToolbox\toolboxes\Data Management Tools.tbx\UpdateSchema" Date="20191009" Time="123906" Name="" export="">UpdateSchema "CIMDATA=&lt;CIMStandardDataConnection xsi:type='typens:CIMStandardDataConnection' xmlns:xsi='http://www.w3.org/2001/XMLSchema-instance' xmlns:xs='http://www.w3.org/2001/XMLSchema' xmlns:typens='http://www.esri.com/schemas/ArcGIS/2.4.0'&gt;&lt;WorkspaceConnectionString&gt;DATABASE=C:\Users\sjm389\Documents\ArcGIS\Projects\SALURBAL_LEVEL2\SALURBAL_LEVEL2.gdb&lt;/WorkspaceConnectionString&gt;&lt;WorkspaceFactory&gt;FileGDB&lt;/WorkspaceFactory&gt;&lt;Dataset&gt;SALURBAL_L2_10_9_19&lt;/Dataset&gt;&lt;DatasetType&gt;esriDTFeatureClass&lt;/DatasetType&gt;&lt;/CIMStandardDataConnection&gt;" &lt;operationSequence&gt;&lt;workflow&gt;&lt;AddField&gt;&lt;field_name&gt;ADM2LOCALID&lt;/field_name&gt;&lt;field_type&gt;TEXT&lt;/field_type&gt;&lt;field_length&gt;4&lt;/field_length&gt;&lt;field_alias&gt;ADM2LOCALID&lt;/field_alias&gt;&lt;field_is_nullable&gt;True&lt;/field_is_nullable&gt;&lt;field_is_required&gt;False&lt;/field_is_required&gt;&lt;/AddField&gt;&lt;/workflow&gt;&lt;workflow&gt;&lt;AddField&gt;&lt;field_name&gt;ADM2NAME&lt;/field_name&gt;&lt;field_type&gt;TEXT&lt;/field_type&gt;&lt;field_length&gt;50&lt;/field_length&gt;&lt;field_alias&gt;ADM2NAME&lt;/field_alias&gt;&lt;field_is_nullable&gt;True&lt;/field_is_nullable&gt;&lt;field_is_required&gt;False&lt;/field_is_required&gt;&lt;/AddField&gt;&lt;/workflow&gt;&lt;workflow&gt;&lt;AddField&gt;&lt;field_name&gt;ADM2TYPE&lt;/field_name&gt;&lt;field_type&gt;TEXT&lt;/field_type&gt;&lt;field_length&gt;20&lt;/field_length&gt;&lt;field_alias&gt;ADM2TYPE&lt;/field_alias&gt;&lt;field_is_nullable&gt;True&lt;/field_is_nullable&gt;&lt;field_is_required&gt;False&lt;/field_is_required&gt;&lt;/AddField&gt;&lt;/workflow&gt;&lt;workflow&gt;&lt;AddField&gt;&lt;field_name&gt;L2TYPE&lt;/field_name&gt;&lt;field_type&gt;TEXT&lt;/field_type&gt;&lt;field_length&gt;20&lt;/field_length&gt;&lt;field_alias&gt;L2TYPE&lt;/field_alias&gt;&lt;field_is_nullable&gt;True&lt;/field_is_nullable&gt;&lt;field_is_required&gt;False&lt;/field_is_required&gt;&lt;/AddField&gt;&lt;/workflow&gt;&lt;/operationSequence&gt;</Process><Process ToolSource="c:\program files\arcgis\pro\Resources\ArcToolbox\toolboxes\Data Management Tools.tbx\CalculateField" Date="20191009" Time="123950" Name="" export="">CalculateField SALURBAL_L2_10_9_19 COUNTRYAB "AR" "Python 3" #</Process><Process ToolSource="c:\program files\arcgis\pro\Resources\ArcToolbox\toolboxes\Data Management Tools.tbx\CalculateField" Date="20191009" Time="124003" Name="" export="">CalculateField SALURBAL_L2_10_9_19 COUNTRYAB 101 "Python 3" #</Process><Process ToolSource="c:\program files\arcgis\pro\Resources\ArcToolbox\toolboxes\Data Management Tools.tbx\CalculateField" Date="20191009" Time="124017" Name="" export="">CalculateField SALURBAL_L2_10_9_19 COUNTRY_SALID 101 "Python 3" #</Process><Process ToolSource="c:\program files\arcgis\pro\Resources\ArcToolbox\toolboxes\Data Management Tools.tbx\CalculateField" Date="20191009" Time="124200" Name="" export="">CalculateField SALURBAL_L2_10_9_19 ADM1TYPE "Provincia" "Python 3" #</Process><Process ToolSource="c:\program files\arcgis\pro\Resources\ArcToolbox\toolboxes\Data Management Tools.tbx\UpdateSchema" Date="20191009" Time="125006" Name="" export="">UpdateSchema "CIMDATA=&lt;CIMStandardDataConnection xsi:type='typens:CIMStandardDataConnection' xmlns:xsi='http://www.w3.org/2001/XMLSchema-instance' xmlns:xs='http://www.w3.org/2001/XMLSchema' xmlns:typens='http://www.esri.com/schemas/ArcGIS/2.4.0'&gt;&lt;WorkspaceConnectionString&gt;DATABASE=C:\Users\sjm389\Documents\ArcGIS\Projects\SALURBAL_LEVEL2\SALURBAL_LEVEL2.gdb&lt;/WorkspaceConnectionString&gt;&lt;WorkspaceFactory&gt;FileGDB&lt;/WorkspaceFactory&gt;&lt;Dataset&gt;SALURBAL_L2_10_9_19&lt;/Dataset&gt;&lt;DatasetType&gt;esriDTFeatureClass&lt;/DatasetType&gt;&lt;/CIMStandardDataConnection&gt;" &lt;operationSequence&gt;&lt;workflow&gt;&lt;AddField&gt;&lt;field_name&gt;L1NAME&lt;/field_name&gt;&lt;field_type&gt;TEXT&lt;/field_type&gt;&lt;field_length&gt;50&lt;/field_length&gt;&lt;field_alias&gt;L1NAME&lt;/field_alias&gt;&lt;field_is_nullable&gt;True&lt;/field_is_nullable&gt;&lt;field_is_required&gt;False&lt;/field_is_required&gt;&lt;/AddField&gt;&lt;/workflow&gt;&lt;/operationSequence&gt;</Process><Process ToolSource="c:\program files\arcgis\pro\Resources\ArcToolbox\toolboxes\Data Management Tools.tbx\Append" Date="20191011" Time="153230" Name="" export="">Append BRMUN_SALURBAL_9_23_19 SALURBAL_L2_10_9_19 "Use the Field Map to reconcile schema differences" "L2LOCALID "link" true true false 254 Text 0 0,First,#,BRMUN_SALURBAL_9_23_19,CD_GEOCODM,0,20;SALID1 "SALID1" true true false 4 Long 0 0,First,#,BRMUN_SALURBAL_9_23_19,SALID1,-1,-1;SALID2 "SALID2" true true false 4 Long 0 0,First,#,BRMUN_SALURBAL_9_23_19,SALID2,-1,-1;ADM1LOCALID "codpcia" true true false 254 Text 0 0,First,#,BRMUN_SALURBAL_9_23_19,State,0,2;ADM1NAME "provincia" true true false 254 Text 0 0,First,#,BRMUN_SALURBAL_9_23_19,state_name,0,75;L2NAME "departamen" true true false 254 Text 0 0,First,#,BRMUN_SALURBAL_9_23_19,localname1,0,60;SALMAID1 "SALMAID1" true true false 4 Long 0 0,First,#,BRMUN_SALURBAL_9_23_19,SALMAID1,-1,-1;SALMAID2 "SALMAID2" true true false 4 Long 0 0,First,#,BRMUN_SALURBAL_9_23_19,SALMAID2,-1,-1;SALMBID1 "SALMBID1" true true false 4 Long 0 0,First,#;SALMBID2 "SALMBID2" true true false 4 Long 0 0,First,#;COUNTRYAB "COUNTRYAB" true true false 2 Text 0 0,First,#,BRMUN_SALURBAL_9_23_19,COUNTRYAB,0,2;COUNTRY_SALID "COUNTRY_SALID" true true false 4 Long 0 0,First,#,BRMUN_SALURBAL_9_23_19,COUNTRY_SALID,-1,-1;ADM1TYPE "ADM1TYPE" true true false 20 Text 0 0,First,#,BRMUN_SALURBAL_9_23_19,ADM1TYPE,0,20;ADM2LOCALID "ADM2LOCALID" true true false 4 Text 0 0,First,#;ADM2NAME "ADM2NAME" true true false 50 Text 0 0,First,#;ADM2TYPE "ADM2TYPE" true true false 20 Text 0 0,First,#;L2TYPE "L2TYPE" true true false 20 Text 0 0,First,#,BRMUN_SALURBAL_9_23_19,L2TYPE,0,20;L1NAME "L1NAME" true true false 50 Text 0 0,First,#,BRMUN_SALURBAL_9_23_19,L1Name,0,75" # #</Process><Process ToolSource="c:\program files\arcgis\pro\Resources\ArcToolbox\toolboxes\Data Management Tools.tbx\Append" Date="20191011" Time="161033" Name="" export="">Append CLCom_SALURBAL_9_24_19 SALURBAL_L2_10_9_19 "Use the Field Map to reconcile schema differences" "L2LOCALID "link" true true false 254 Text 0 0,First,#,CLCom_SALURBAL_9_24_19,L2LOCALID16,0,5;SALID1 "SALID1" true true false 4 Long 0 0,First,#,CLCom_SALURBAL_9_24_19,SALID1,-1,-1;SALID2 "SALID2" true true false 4 Long 0 0,First,#,CLCom_SALURBAL_9_24_19,SALID2,-1,-1;ADM1LOCALID "codpcia" true true false 254 Text 0 0,First,#,CLCom_SALURBAL_9_24_19,ADM1ID02,0,8;ADM1NAME "provincia" true true false 254 Text 0 0,First,#,CLCom_SALURBAL_9_24_19,ADM1NAME02,0,59;L2NAME "departamen" true true false 254 Text 0 0,First,#,CLCom_SALURBAL_9_24_19,L2NAME,0,25;SALMAID1 "SALMAID1" true true false 4 Long 0 0,First,#,CLCom_SALURBAL_9_24_19,SALMAID1,-1,-1;SALMAID2 "SALMAID2" true true false 4 Long 0 0,First,#,CLCom_SALURBAL_9_24_19,SALMAID2,-1,-1;SALMBID1 "SALMBID1" true true false 4 Long 0 0,First,#;SALMBID2 "SALMBID2" true true false 4 Long 0 0,First,#;COUNTRYAB "COUNTRYAB" true true false 2 Text 0 0,First,#,CLCom_SALURBAL_9_24_19,COUNTRYAB,0,2;COUNTRY_SALID "COUNTRY_SALID" true true false 4 Long 0 0,First,#,CLCom_SALURBAL_9_24_19,COUNTRY_SALID,-1,-1;ADM1TYPE "ADM1TYPE" true true false 20 Text 0 0,First,#,CLCom_SALURBAL_9_24_19,ADM1TYPE,0,50;ADM2LOCALID "ADM2LOCALID" true true false 4 Text 0 0,First,#,CLCom_SALURBAL_9_24_19,ADM2ID16,0,11;ADM2NAME "ADM2NAME" true true false 50 Text 0 0,First,#,CLCom_SALURBAL_9_24_19,ADM2NAME16,0,28;ADM2TYPE "ADM2TYPE" true true false 20 Text 0 0,First,#,CLCom_SALURBAL_9_24_19,ADM2TYPE,0,50;L2TYPE "L2TYPE" true true false 20 Text 0 0,First,#,CLCom_SALURBAL_9_24_19,L2TYPE,0,50;L1NAME "L1NAME" true true false 50 Text 0 0,First,#,CLCom_SALURBAL_9_24_19,L1Name,0,28" # #</Process><Process ToolSource="c:\program files\arcgis\pro\Resources\ArcToolbox\toolboxes\Data Management Tools.tbx\Append" Date="20191011" Time="171927" Name="" export="">Append COMUN12_SALURBAL_9_26_19 SALURBAL_L2_10_9_19 "Use the Field Map to reconcile schema differences" "L2LOCALID "link" true true false 254 Text 0 0,First,#,COMUN12_SALURBAL_9_26_19,L2LOCALID,0,5;SALID1 "SALID1" true true false 4 Long 0 0,First,#,COMUN12_SALURBAL_9_26_19,SALID1,-1,-1;SALID2 "SALID2" true true false 4 Long 0 0,First,#,COMUN12_SALURBAL_9_26_19,SALID2,-1,-1;ADM1LOCALID "codpcia" true true false 254 Text 0 0,First,#,COMUN12_SALURBAL_9_26_19,ADM1ID,0,2;ADM1NAME "provincia" true true false 254 Text 0 0,First,#,COMUN12_SALURBAL_9_26_19,ADM1NAME,0,254;L2NAME "departamen" true true false 254 Text 0 0,First,#,COMUN12_SALURBAL_9_26_19,L2NAME,0,60;SALMAID1 "SALMAID1" true true false 4 Long 0 0,First,#,COMUN12_SALURBAL_9_26_19,SALMAID1,-1,-1;SALMAID2 "SALMAID2" true true false 4 Long 0 0,First,#,COMUN12_SALURBAL_9_26_19,SALMAID2,-1,-1;SALMBID1 "SALMBID1" true true false 4 Long 0 0,First,#,COMUN12_SALURBAL_9_26_19,SALMBID1,-1,-1;SALMBID2 "SALMBID2" true true false 4 Long 0 0,First,#,COMUN12_SALURBAL_9_26_19,SALMBID2,-1,-1;COUNTRYAB "COUNTRYAB" true true false 2 Text 0 0,First,#,COMUN12_SALURBAL_9_26_19,COUNTRYAB,0,2;COUNTRY_SALID "COUNTRY_SALID" true true false 4 Long 0 0,First,#,COMUN12_SALURBAL_9_26_19,COUNTRY_SALID,-1,-1;ADM1TYPE "ADM1TYPE" true true false 20 Text 0 0,First,#,COMUN12_SALURBAL_9_26_19,ADM1TYPE,0,20;ADM2LOCALID "ADM2LOCALID" true true false 4 Text 0 0,First,#;ADM2NAME "ADM2NAME" true true false 50 Text 0 0,First,#;ADM2TYPE "ADM2TYPE" true true false 20 Text 0 0,First,#;L2TYPE "L2TYPE" true true false 20 Text 0 0,First,#,COMUN12_SALURBAL_9_26_19,L2TYPE,0,20;L1NAME "L1NAME" true true false 50 Text 0 0,First,#,COMUN12_SALURBAL_9_26_19,L1NAME,0,50" # #</Process><Process ToolSource="c:\program files\arcgis\pro\Resources\ArcToolbox\toolboxes\Data Management Tools.tbx\CalculateField" Date="20191011" Time="172749" Name="" export="">CalculateField SALURBAL_L2_10_9_19 L1NAME None "Python 3" #</Process><Process ToolSource="c:\program files\arcgis\pro\Resources\ArcToolbox\toolboxes\Data Management Tools.tbx\Append" Date="20191015" Time="110906" Name="" export="">Append CRCanDtoDiss_SALURBAL_10_1_19 SALURBAL_L2_10_9_19 "Use the Field Map to reconcile schema differences" "L2LOCALID "link" true true false 254 Text 0 0,First,#,CRCanDtoDiss_SALURBAL_10_1_19,L2LocalID14,0,3;SALID1 "SALID1" true true false 4 Long 0 0,First,#,CRCanDtoDiss_SALURBAL_10_1_19,SALID1,-1,-1;SALID2 "SALID2" true true false 4 Long 0 0,First,#,CRCanDtoDiss_SALURBAL_10_1_19,SALID2,-1,-1;ADM1LOCALID "codpcia" true true false 254 Text 0 0,First,#,CRCanDtoDiss_SALURBAL_10_1_19,ADM1ID,-1,-1;ADM1NAME "provincia" true true false 254 Text 0 0,First,#,CRCanDtoDiss_SALURBAL_10_1_19,ADM1NAME,0,20;L2NAME "departamen" true true false 254 Text 0 0,First,#,CRCanDtoDiss_SALURBAL_10_1_19,L2NAME,0,20;SALMAID1 "SALMAID1" true true false 4 Long 0 0,First,#,CRCanDtoDiss_SALURBAL_10_1_19,salmaid1,-1,-1;SALMAID2 "SALMAID2" true true false 4 Long 0 0,First,#,CRCanDtoDiss_SALURBAL_10_1_19,salmaid2,-1,-1;SALMBID1 "SALMBID1" true true false 4 Long 0 0,First,#;SALMBID2 "SALMBID2" true true false 4 Long 0 0,First,#;COUNTRYAB "COUNTRYAB" true true false 2 Text 0 0,First,#,CRCanDtoDiss_SALURBAL_10_1_19,COUNTRYAB,0,2;COUNTRY_SALID "COUNTRY_SALID" true true false 4 Long 0 0,First,#,CRCanDtoDiss_SALURBAL_10_1_19,COUNTRY_SALID,-1,-1;ADM1TYPE "ADM1TYPE" true true false 20 Text 0 0,First,#,CRCanDtoDiss_SALURBAL_10_1_19,ADM1_TYPE,0,20;ADM2LOCALID "ADM2LOCALID" true true false 4 Text 0 0,First,#;ADM2NAME "ADM2NAME" true true false 50 Text 0 0,First,#;ADM2TYPE "ADM2TYPE" true true false 20 Text 0 0,First,#;L2TYPE "L2TYPE" true true false 20 Text 0 0,First,#,CRCanDtoDiss_SALURBAL_10_1_19,L2TYPE,0,20;L1NAME "L1NAME" true true false 50 Text 0 0,First,#,CRCanDtoDiss_SALURBAL_10_1_19,L1NAME,0,50" # #</Process><Process ToolSource="c:\program files\arcgis\pro\Resources\ArcToolbox\toolboxes\Data Management Tools.tbx\Append" Date="20191015" Time="115225" Name="" export="">Append GTMUN_SALURBAL_10_1_19 SALURBAL_L2_10_9_19 "Use the Field Map to reconcile schema differences" "L2LOCALID "link" true true false 254 Text 0 0,First,#,GTMUN_SALURBAL_10_1_19,L2LOCALID11,0,3;SALID1 "SALID1" true true false 4 Long 0 0,First,#,GTMUN_SALURBAL_10_1_19,SALID1,-1,-1;SALID2 "SALID2" true true false 4 Long 0 0,First,#,GTMUN_SALURBAL_10_1_19,SALID2,-1,-1;ADM1LOCALID "codpcia" true true false 254 Text 0 0,First,#,GTMUN_SALURBAL_10_1_19,ADM1ID,-1,-1;ADM1NAME "provincia" true true false 254 Text 0 0,First,#,GTMUN_SALURBAL_10_1_19,ADM1NAME,0,50;L2NAME "departamen" true true false 254 Text 0 0,First,#,GTMUN_SALURBAL_10_1_19,L2NAME,0,50;SALMAID1 "SALMAID1" true true false 4 Long 0 0,First,#,GTMUN_SALURBAL_10_1_19,SALMAID1,-1,-1;SALMAID2 "SALMAID2" true true false 4 Long 0 0,First,#,GTMUN_SALURBAL_10_1_19,SALMAID2,-1,-1;SALMBID1 "SALMBID1" true true false 4 Long 0 0,First,#;SALMBID2 "SALMBID2" true true false 4 Long 0 0,First,#;COUNTRYAB "COUNTRYAB" true true false 2 Text 0 0,First,#,GTMUN_SALURBAL_10_1_19,COUNTRYAB,0,2;COUNTRY_SALID "COUNTRY_SALID" true true false 4 Long 0 0,First,#,GTMUN_SALURBAL_10_1_19,COUNTRY_SALID,-1,-1;ADM1TYPE "ADM1TYPE" true true false 20 Text 0 0,First,#,GTMUN_SALURBAL_10_1_19,ADM1TYPE,0,20;ADM2LOCALID "ADM2LOCALID" true true false 4 Text 0 0,First,#;ADM2NAME "ADM2NAME" true true false 50 Text 0 0,First,#;ADM2TYPE "ADM2TYPE" true true false 20 Text 0 0,First,#;L2TYPE "L2TYPE" true true false 20 Text 0 0,First,#,GTMUN_SALURBAL_10_1_19,L2TYPE,0,20;L1NAME "L1NAME" true true false 50 Text 0 0,First,#,GTMUN_SALURBAL_10_1_19,L1Name,0,50" # #</Process><Process ToolSource="c:\program files\arcgis\pro\Resources\ArcToolbox\toolboxes\Data Management Tools.tbx\Append" Date="20191015" Time="141037" Name="" export="">Append MxMun_SALURBAL_9_9_19 SALURBAL_L2_10_9_19 "Use the Field Map to reconcile schema differences" "L2LOCALID "link" true true false 254 Text 0 0,First,#,MxMun_SALURBAL_9_9_19,L2LocalID,0,255;SALID1 "SALID1" true true false 4 Long 0 0,First,#,MxMun_SALURBAL_9_9_19,SALID1,-1,-1;SALID2 "SALID2" true true false 4 Long 0 0,First,#,MxMun_SALURBAL_9_9_19,SALID2,-1,-1;ADM1LOCALID "codpcia" true true false 254 Text 0 0,First,#,MxMun_SALURBAL_9_9_19,ADM1LOCALID,0,2;ADM1NAME "provincia" true true false 254 Text 0 0,First,#,MxMun_SALURBAL_9_9_19,ADM1NAME,0,75;L2NAME "departamen" true true false 254 Text 0 0,First,#,MxMun_SALURBAL_9_9_19,L2NAMEV2,0,70;SALMAID1 "SALMAID1" true true false 4 Long 0 0,First,#,MxMun_SALURBAL_9_9_19,SALMAID1,-1,-1;SALMAID2 "SALMAID2" true true false 4 Long 0 0,First,#,MxMun_SALURBAL_9_9_19,SALMAID2,-1,-1;SALMBID1 "SALMBID1" true true false 4 Long 0 0,First,#,MxMun_SALURBAL_9_9_19,SALMBID1,-1,-1;SALMBID2 "SALMBID2" true true false 4 Long 0 0,First,#,MxMun_SALURBAL_9_9_19,SALMBID2,-1,-1;COUNTRYAB "COUNTRYAB" true true false 2 Text 0 0,First,#,MxMun_SALURBAL_9_9_19,COUNTRYAB,0,2;COUNTRY_SALID "COUNTRY_SALID" true true false 4 Long 0 0,First,#,MxMun_SALURBAL_9_9_19,COUNTRY_SALID,-1,-1;ADM1TYPE "ADM1TYPE" true true false 20 Text 0 0,First,#,MxMun_SALURBAL_9_9_19,ADM1TYPE,0,20;ADM2LOCALID "ADM2LOCALID" true true false 4 Text 0 0,First,#;ADM2NAME "ADM2NAME" true true false 50 Text 0 0,First,#;ADM2TYPE "ADM2TYPE" true true false 20 Text 0 0,First,#;L2TYPE "L2TYPE" true true false 20 Text 0 0,First,#,MxMun_SALURBAL_9_9_19,L2TYPE,0,20;L1NAME "L1NAME" true true false 50 Text 0 0,First,#,MxMun_SALURBAL_9_9_19,L1NAME,0,50" # #</Process><Process ToolSource="c:\program files\arcgis\pro\Resources\ArcToolbox\toolboxes\Data Management Tools.tbx\Append" Date="20191015" Time="155412" Name="" export="">Append NI_Mun_SALURBAL_1_9_19 SALURBAL_L2_10_9_19 "Use the Field Map to reconcile schema differences" "L2LOCALID "link" true true false 254 Text 0 0,First,#,NI_Mun_SALURBAL_1_9_19,MunicipioID,0,255;SALID1 "SALID1" true true false 4 Long 0 0,First,#,NI_Mun_SALURBAL_1_9_19,SALID1,-1,-1;SALID2 "SALID2" true true false 4 Long 0 0,First,#,NI_Mun_SALURBAL_1_9_19,SALID2,-1,-1;ADM1LOCALID "codpcia" true true false 254 Text 0 0,First,#,NI_Mun_SALURBAL_1_9_19,ADM1LOCALID,0,2;ADM1NAME "provincia" true true false 254 Text 0 0,First,#,NI_Mun_SALURBAL_1_9_19,DEPARTMENT,0,35;L2NAME "departamen" true true false 254 Text 0 0,First,#,NI_Mun_SALURBAL_1_9_19,MunicipioNamelink,0,255;SALMAID1 "SALMAID1" true true false 4 Long 0 0,First,#,NI_Mun_SALURBAL_1_9_19,SALMAID1,-1,-1;SALMAID2 "SALMAID2" true true false 4 Long 0 0,First,#,NI_Mun_SALURBAL_1_9_19,SALMAID2,-1,-1;SALMBID1 "SALMBID1" true true false 4 Long 0 0,First,#;SALMBID2 "SALMBID2" true true false 4 Long 0 0,First,#;COUNTRYAB "COUNTRYAB" true true false 2 Text 0 0,First,#,NI_Mun_SALURBAL_1_9_19,COUNTRYAB,0,2;COUNTRY_SALID "COUNTRY_SALID" true true false 4 Long 0 0,First,#,NI_Mun_SALURBAL_1_9_19,COUNTRY_SALID,-1,-1;ADM1TYPE "ADM1TYPE" true true false 20 Text 0 0,First,#,NI_Mun_SALURBAL_1_9_19,ADM1TYPE,0,20;ADM2LOCALID "ADM2LOCALID" true true false 4 Text 0 0,First,#;ADM2NAME "ADM2NAME" true true false 50 Text 0 0,First,#;ADM2TYPE "ADM2TYPE" true true false 20 Text 0 0,First,#;L2TYPE "L2TYPE" true true false 20 Text 0 0,First,#,NI_Mun_SALURBAL_1_9_19,L2TYPE,0,20;L1NAME "L1NAME" true true false 50 Text 0 0,First,#,NI_Mun_SALURBAL_1_9_19,L1NAME,0,255" # #</Process><Process ToolSource="c:\program files\arcgis\pro\Resources\ArcToolbox\toolboxes\Data Management Tools.tbx\Append" Date="20191016" Time="092408" Name="" export="">Append PACor_SALURBAL_12_5_18 SALURBAL_L2_10_9_19 "Use the Field Map to reconcile schema differences" "L2LOCALID "link" true true false 254 Text 0 0,First,#,PACor_SALURBAL_12_5_18,CODIGO10,0,6;SALID1 "SALID1" true true false 4 Long 0 0,First,#,PACor_SALURBAL_12_5_18,SALID1,-1,-1;SALID2 "SALID2" true true false 4 Long 0 0,First,#,PACor_SALURBAL_12_5_18,SALID2,-1,-1;ADM1LOCALID "codpcia" true true false 254 Text 0 0,First,#,PACor_SALURBAL_12_5_18,ADM1LOCALID,0,255;ADM1NAME "provincia" true true false 254 Text 0 0,First,#,PACor_SALURBAL_12_5_18,ADM1NAME,0,255;L2NAME "departamen" true true false 254 Text 0 0,First,#,PACor_SALURBAL_12_5_18,CORR_NOM,0,80;SALMAID1 "SALMAID1" true true false 4 Long 0 0,First,#,PACor_SALURBAL_12_5_18,SALMAID1,-1,-1;SALMAID2 "SALMAID2" true true false 4 Long 0 0,First,#,PACor_SALURBAL_12_5_18,SALMAID2,-1,-1;SALMBID1 "SALMBID1" true true false 4 Long 0 0,First,#;SALMBID2 "SALMBID2" true true false 4 Long 0 0,First,#;COUNTRYAB "COUNTRYAB" true true false 2 Text 0 0,First,#,PACor_SALURBAL_12_5_18,COUNTRYAB,0,2;COUNTRY_SALID "COUNTRY_SALID" true true false 4 Long 0 0,First,#,PACor_SALURBAL_12_5_18,CountrySALID,-1,-1;ADM1TYPE "ADM1TYPE" true true false 20 Text 0 0,First,#,PACor_SALURBAL_12_5_18,ADM1TYPE,0,20;ADM2LOCALID "ADM2LOCALID" true true false 4 Text 0 0,First,#,PACor_SALURBAL_12_5_18,ADM2LOCALID,0,4;ADM2NAME "ADM2NAME" true true false 50 Text 0 0,First,#,PACor_SALURBAL_12_5_18,ADM2NAME,0,255;ADM2TYPE "ADM2TYPE" true true false 20 Text 0 0,First,#,PACor_SALURBAL_12_5_18,ADM2TYPE,0,20;L2TYPE "L2TYPE" true true false 20 Text 0 0,First,#,PACor_SALURBAL_12_5_18,L2TYPE,0,20;L1NAME "L1NAME" true true false 50 Text 0 0,First,#,PACor_SALURBAL_12_5_18,Level_1_AD_Name,0,80" # #</Process><Process ToolSource="c:\program files\arcgis\pro\Resources\ArcToolbox\toolboxes\Data Management Tools.tbx\Append" Date="20191016" Time="104554" Name="" export="">Append PEDto_SALURBAL_L2_1_4_19 SALURBAL_L2_10_9_19 "Use the Field Map to reconcile schema differences" "L2LOCALID "link" true true false 254 Text 0 0,First,#,PEDto_SALURBAL_L2_1_4_19,L2LocalID,0,8;SALID1 "SALID1" true true false 4 Long 0 0,First,#,PEDto_SALURBAL_L2_1_4_19,SALID1,-1,-1;SALID2 "SALID2" true true false 4 Long 0 0,First,#,PEDto_SALURBAL_L2_1_4_19,SALID2,-1,-1;ADM1LOCALID "codpcia" true true false 254 Text 0 0,First,#,PEDto_SALURBAL_L2_1_4_19,IDDPTO,0,2;ADM1NAME "provincia" true true false 254 Text 0 0,First,#,PEDto_SALURBAL_L2_1_4_19,NOMBDEP,0,25;L2NAME "departamen" true true false 254 Text 0 0,First,#,PEDto_SALURBAL_L2_1_4_19,NOMBDIST,0,50;SALMAID1 "SALMAID1" true true false 4 Long 0 0,First,#,PEDto_SALURBAL_L2_1_4_19,SALMAID1,-1,-1;SALMAID2 "SALMAID2" true true false 4 Long 0 0,First,#,PEDto_SALURBAL_L2_1_4_19,SALMAID2,-1,-1;SALMBID1 "SALMBID1" true true false 4 Long 0 0,First,#;SALMBID2 "SALMBID2" true true false 4 Long 0 0,First,#;COUNTRYAB "COUNTRYAB" true true false 2 Text 0 0,First,#,PEDto_SALURBAL_L2_1_4_19,COUNTRYAB,0,254;COUNTRY_SALID "COUNTRY_SALID" true true false 4 Long 0 0,First,#,PEDto_SALURBAL_L2_1_4_19,COUNTRY_SALID,-1,-1;ADM1TYPE "ADM1TYPE" true true false 20 Text 0 0,First,#,PEDto_SALURBAL_L2_1_4_19,ADM1TYPE,0,20;ADM2LOCALID "ADM2LOCALID" true true false 4 Text 0 0,First,#,PEDto_SALURBAL_L2_1_4_19,IDPROV,0,4;ADM2NAME "ADM2NAME" true true false 50 Text 0 0,First,#,PEDto_SALURBAL_L2_1_4_19,NOMBPROV,0,40;ADM2TYPE "ADM2TYPE" true true false 20 Text 0 0,First,#,PEDto_SALURBAL_L2_1_4_19,ADM2TYPE,0,20;L2TYPE "L2TYPE" true true false 20 Text 0 0,First,#,PEDto_SALURBAL_L2_1_4_19,L2TYPE,0,20;L1NAME "L1NAME" true true false 50 Text 0 0,First,#,PEDto_SALURBAL_L2_1_4_19,L1NAME,0,50" # #</Process><Process ToolSource="c:\program files\arcgis\pro\Resources\ArcToolbox\toolboxes\Data Management Tools.tbx\Append" Date="20191016" Time="112703" Name="" export="">Append SVMunA_SALURBAL_12_21_18 SALURBAL_L2_10_9_19 "Use the Field Map to reconcile schema differences" "L2LOCALID "link" true true false 254 Text 0 0,First,#,SVMunA_SALURBAL_12_21_18,COD_MUN4,0,254;SALID1 "SALID1" true true false 4 Long 0 0,First,#,SVMunA_SALURBAL_12_21_18,SALID1,-1,-1;SALID2 "SALID2" true true false 4 Long 0 0,First,#,SVMunA_SALURBAL_12_21_18,SALID2,-1,-1;ADM1LOCALID "codpcia" true true false 254 Text 0 0,First,#,SVMunA_SALURBAL_12_21_18,COD_DPTO,0,254;ADM1NAME "provincia" true true false 254 Text 0 0,First,#,SVMunA_SALURBAL_12_21_18,NOM_DPTO,0,254;L2NAME "departamen" true true false 254 Text 0 0,First,#,SVMunA_SALURBAL_12_21_18,NOM_MUN,0,254;SALMAID1 "SALMAID1" true true false 4 Long 0 0,First,#,SVMunA_SALURBAL_12_21_18,SALMAID1,-1,-1;SALMAID2 "SALMAID2" true true false 4 Long 0 0,First,#,SVMunA_SALURBAL_12_21_18,SALMAID2,-1,-1;SALMBID1 "SALMBID1" true true false 4 Long 0 0,First,#;SALMBID2 "SALMBID2" true true false 4 Long 0 0,First,#;COUNTRYAB "COUNTRYAB" true true false 2 Text 0 0,First,#,SVMunA_SALURBAL_12_21_18,COUNTRYAB,0,2;COUNTRY_SALID "COUNTRY_SALID" true true false 4 Long 0 0,First,#,SVMunA_SALURBAL_12_21_18,COUNTRY_SALID,-1,-1;ADM1TYPE "ADM1TYPE" true true false 20 Text 0 0,First,#,SVMunA_SALURBAL_12_21_18,ADM1TYPE,0,20;ADM2LOCALID "ADM2LOCALID" true true false 4 Text 0 0,First,#;ADM2NAME "ADM2NAME" true true false 50 Text 0 0,First,#;ADM2TYPE "ADM2TYPE" true true false 20 Text 0 0,First,#;L2TYPE "L2TYPE" true true false 20 Text 0 0,First,#,SVMunA_SALURBAL_12_21_18,L2TYPE,0,20;L1NAME "L1NAME" true true false 50 Text 0 0,First,#,SVMunA_SALURBAL_12_21_18,L1NAME,0,50" # #</Process><Process ToolSource="c:\program files\arcgis\pro\Resources\ArcToolbox\toolboxes\Data Management Tools.tbx\UpdateSchema" Date="20191016" Time="135025" Name="" export="">UpdateSchema "CIMDATA=&lt;CIMStandardDataConnection xsi:type='typens:CIMStandardDataConnection' xmlns:xsi='http://www.w3.org/2001/XMLSchema-instance' xmlns:xs='http://www.w3.org/2001/XMLSchema' xmlns:typens='http://www.esri.com/schemas/ArcGIS/2.4.0'&gt;&lt;WorkspaceConnectionString&gt;DATABASE=W:\Projects\Wellcome_Trust\Data Methods Core\Geodatabases\SALURBAL\SALURBAL_L2.gdb&lt;/WorkspaceConnectionString&gt;&lt;WorkspaceFactory&gt;FileGDB&lt;/WorkspaceFactory&gt;&lt;Dataset&gt;SALURBAL_L2_10_9_19&lt;/Dataset&gt;&lt;DatasetType&gt;esriDTFeatureClass&lt;/DatasetType&gt;&lt;/CIMStandardDataConnection&gt;" &lt;operationSequence&gt;&lt;workflow&gt;&lt;AlterField&gt;&lt;field_name&gt;L2LOCALID&lt;/field_name&gt;&lt;field_alias&gt;L2LOCALID&lt;/field_alias&gt;&lt;field_type&gt;TEXT&lt;/field_type&gt;&lt;field_is_nullable&gt;True&lt;/field_is_nullable&gt;&lt;clear_field_alias&gt;False&lt;/clear_field_alias&gt;&lt;/AlterField&gt;&lt;/workflow&gt;&lt;workflow&gt;&lt;AlterField&gt;&lt;field_name&gt;ADM1LOCALID&lt;/field_name&gt;&lt;field_alias&gt;ADM1LOCALID&lt;/field_alias&gt;&lt;field_type&gt;TEXT&lt;/field_type&gt;&lt;field_is_nullable&gt;True&lt;/field_is_nullable&gt;&lt;clear_field_alias&gt;False&lt;/clear_field_alias&gt;&lt;/AlterField&gt;&lt;/workflow&gt;&lt;workflow&gt;&lt;AlterField&gt;&lt;field_name&gt;ADM1NAME&lt;/field_name&gt;&lt;field_alias&gt;ADM1NAME&lt;/field_alias&gt;&lt;field_type&gt;TEXT&lt;/field_type&gt;&lt;field_is_nullable&gt;True&lt;/field_is_nullable&gt;&lt;clear_field_alias&gt;False&lt;/clear_field_alias&gt;&lt;/AlterField&gt;&lt;/workflow&gt;&lt;workflow&gt;&lt;AlterField&gt;&lt;field_name&gt;L2NAME&lt;/field_name&gt;&lt;field_alias&gt;L2NAME&lt;/field_alias&gt;&lt;field_type&gt;TEXT&lt;/field_type&gt;&lt;field_is_nullable&gt;True&lt;/field_is_nullable&gt;&lt;clear_field_alias&gt;False&lt;/clear_field_alias&gt;&lt;/AlterField&gt;&lt;/workflow&gt;&lt;/operationSequence&gt;</Process><Process ToolSource="c:\program files\arcgis\pro\Resources\ArcToolbox\toolboxes\Data Management Tools.tbx\CalculateField" Date="20191016" Time="141148" Name="" export="">CalculateField SALURBAL_L2_10_9_19 L1NAME None "Python 3" #</Process><Process ToolSource="c:\program files\arcgis\pro\Resources\ArcToolbox\toolboxes\Conversion Tools.tbx\FeatureClassToFeatureClass" Date="20200303" Time="092806" Name="" export="">FeatureClassToFeatureClass SALURBAL_L2_10_9_19 D:\ArcGISProProjects\SALURBAL_L2_WD02\L2_CROSSWALKS_11_5_19.gdb SALURBAL_L2_3_3_20 # "L2LOCALID "L2LOCALID" true true false 254 Text 0 0,First,#,SALURBAL_L2_10_9_19,L2LOCALID,0,254;SALID1 "SALID1" true true false 4 Long 0 0,First,#,SALURBAL_L2_10_9_19,SALID1,-1,-1;SALID2 "SALID2" true true false 4 Long 0 0,First,#,SALURBAL_L2_10_9_19,SALID2,-1,-1;ADM1LOCALID "ADM1LOCALID" true true false 254 Text 0 0,First,#,SALURBAL_L2_10_9_19,ADM1LOCALID,0,254;ADM1NAME "ADM1NAME" true true false 254 Text 0 0,First,#,SALURBAL_L2_10_9_19,ADM1NAME,0,254;L2NAME "L2NAME" true true false 254 Text 0 0,First,#,SALURBAL_L2_10_9_19,L2NAME,0,254;SALMAID1 "SALMAID1" true true false 4 Long 0 0,First,#,SALURBAL_L2_10_9_19,SALMAID1,-1,-1;SALMAID2 "SALMAID2" true true false 4 Long 0 0,First,#,SALURBAL_L2_10_9_19,SALMAID2,-1,-1;SALMBID1 "SALMBID1" true true false 4 Long 0 0,First,#,SALURBAL_L2_10_9_19,SALMBID1,-1,-1;SALMBID2 "SALMBID2" true true false 4 Long 0 0,First,#,SALURBAL_L2_10_9_19,SALMBID2,-1,-1;COUNTRYAB "COUNTRYAB" true true false 2 Text 0 0,First,#,SALURBAL_L2_10_9_19,COUNTRYAB,0,2;COUNTRY_SALID "COUNTRY_SALID" true true false 4 Long 0 0,First,#,SALURBAL_L2_10_9_19,COUNTRY_SALID,-1,-1;ADM1TYPE "ADM1TYPE" true true false 20 Text 0 0,First,#,SALURBAL_L2_10_9_19,ADM1TYPE,0,20;ADM2LOCALID "ADM2LOCALID" true true false 4 Text 0 0,First,#,SALURBAL_L2_10_9_19,ADM2LOCALID,0,4;ADM2NAME "ADM2NAME" true true false 50 Text 0 0,First,#,SALURBAL_L2_10_9_19,ADM2NAME,0,50;ADM2TYPE "ADM2TYPE" true true false 20 Text 0 0,First,#,SALURBAL_L2_10_9_19,ADM2TYPE,0,20;L2TYPE "L2TYPE" true true false 20 Text 0 0,First,#,SALURBAL_L2_10_9_19,L2TYPE,0,20;L1NAME "L1NAME" true true false 50 Text 0 0,First,#,SALURBAL_L2_10_9_19,L1NAME,0,50;Shape_Length "Shape_Length" false true true 8 Double 0 0,First,#,SALURBAL_L2_10_9_19,Shape_Length,-1,-1;Shape_Area "Shape_Area" false true true 8 Double 0 0,First,#,SALURBAL_L2_10_9_19,Shape_Area,-1,-1" #</Process><Process ToolSource="c:\program files\arcgis\pro\Resources\ArcToolbox\toolboxes\Data Management Tools.tbx\CopyMultiple" Date="20200303" Time="093934" Name="" export="">CopyMultiple "D:\ArcGISProProjects\SALURBAL_L2_WD02\L2_CROSSWALKS_11_5_19.gdb\SALURBAL_L2_3_3_20 FeatureClass" "W:\Projects\Wellcome_Trust\Data Methods Core\Geodatabases\SALURBAL\SALURBAL_L2_11_7_19.gdb" SALURBAL_L2_3_3_20 "SALURBAL_L2_3_3_20 FeatureClass SALURBAL_L2_3_3_20 #"</Process><Process ToolSource="c:\program files\arcgis\pro\Resources\ArcToolbox\toolboxes\Conversion Tools.tbx\FeatureClassToFeatureClass" Date="20210122" Time="111323" Name="" export="">FeatureClassToFeatureClass SALURBAL_L2_3_3_20 C:\Users\sjmel\Documents\ArcGIS\Projects\SALURBAL\Wellcome_Admin_Boundaries\Wellcome_Admin_Boundaries_server.gdb SALURBAL_L2_1_22_20_local # "L2LOCALID "L2LOCALID" true true false 254 Text 0 0,First,#,SALURBAL_L2_3_3_20,L2LOCALID,0,254;SALID1 "SALID1" true true false 4 Long 0 0,First,#,SALURBAL_L2_3_3_20,SALID1,-1,-1;SALID2 "SALID2" true true false 4 Long 0 0,First,#,SALURBAL_L2_3_3_20,SALID2,-1,-1;ADM1LOCALID "ADM1LOCALID" true true false 254 Text 0 0,First,#,SALURBAL_L2_3_3_20,ADM1LOCALID,0,254;ADM1NAME "ADM1NAME" true true false 254 Text 0 0,First,#,SALURBAL_L2_3_3_20,ADM1NAME,0,254;L2NAME "L2NAME" true true false 254 Text 0 0,First,#,SALURBAL_L2_3_3_20,L2NAME,0,254;SALMAID1 "SALMAID1" true true false 4 Long 0 0,First,#,SALURBAL_L2_3_3_20,SALMAID1,-1,-1;SALMAID2 "SALMAID2" true true false 4 Long 0 0,First,#,SALURBAL_L2_3_3_20,SALMAID2,-1,-1;SALMBID1 "SALMBID1" true true false 4 Long 0 0,First,#,SALURBAL_L2_3_3_20,SALMBID1,-1,-1;SALMBID2 "SALMBID2" true true false 4 Long 0 0,First,#,SALURBAL_L2_3_3_20,SALMBID2,-1,-1;COUNTRYAB "COUNTRYAB" true true false 2 Text 0 0,First,#,SALURBAL_L2_3_3_20,COUNTRYAB,0,2;COUNTRY_SALID "COUNTRY_SALID" true true false 4 Long 0 0,First,#,SALURBAL_L2_3_3_20,COUNTRY_SALID,-1,-1;ADM1TYPE "ADM1TYPE" true true false 20 Text 0 0,First,#,SALURBAL_L2_3_3_20,ADM1TYPE,0,20;ADM2LOCALID "ADM2LOCALID" true true false 4 Text 0 0,First,#,SALURBAL_L2_3_3_20,ADM2LOCALID,0,4;ADM2NAME "ADM2NAME" true true false 50 Text 0 0,First,#,SALURBAL_L2_3_3_20,ADM2NAME,0,50;ADM2TYPE "ADM2TYPE" true true false 20 Text 0 0,First,#,SALURBAL_L2_3_3_20,ADM2TYPE,0,20;L2TYPE "L2TYPE" true true false 20 Text 0 0,First,#,SALURBAL_L2_3_3_20,L2TYPE,0,20;L1NAME "L1NAME" true true false 50 Text 0 0,First,#,SALURBAL_L2_3_3_20,L1NAME,0,50;Shape_Length "Shape_Length" false true true 8 Double 0 0,First,#,SALURBAL_L2_3_3_20,Shape_Length,-1,-1;Shape_Area "Shape_Area" false true true 8 Double 0 0,First,#,SALURBAL_L2_3_3_20,Shape_Area,-1,-1" #</Process><Process ToolSource="c:\program files\arcgis\pro\Resources\ArcToolbox\toolboxes\Data Management Tools.tbx\UpdateSchema" Date="20210122" Time="111440" Name="" export="">UpdateSchema "CIMDATA=&lt;CIMStandardDataConnection xsi:type='typens:CIMStandardDataConnection' xmlns:xsi='http://www.w3.org/2001/XMLSchema-instance' xmlns:xs='http://www.w3.org/2001/XMLSchema' xmlns:typens='http://www.esri.com/schemas/ArcGIS/2.7.0'&gt;&lt;WorkspaceConnectionString&gt;DATABASE=C:\Users\sjmel\Documents\ArcGIS\Projects\SALURBAL\Wellcome_Admin_Boundaries\Wellcome_Admin_Boundaries_server.gdb&lt;/WorkspaceConnectionString&gt;&lt;WorkspaceFactory&gt;FileGDB&lt;/WorkspaceFactory&gt;&lt;Dataset&gt;SALURBAL_L2_1_22_20_local&lt;/Dataset&gt;&lt;DatasetType&gt;esriDTFeatureClass&lt;/DatasetType&gt;&lt;/CIMStandardDataConnection&gt;" &lt;operationSequence&gt;&lt;workflow&gt;&lt;AddField&gt;&lt;field_name&gt;L2NAME2&lt;/field_name&gt;&lt;field_type&gt;TEXT&lt;/field_type&gt;&lt;field_length&gt;255&lt;/field_length&gt;&lt;field_alias&gt;L2NAME2&lt;/field_alias&gt;&lt;field_is_nullable&gt;True&lt;/field_is_nullable&gt;&lt;field_is_required&gt;False&lt;/field_is_required&gt;&lt;/AddField&gt;&lt;/workflow&gt;&lt;/operationSequence&gt;</Process><Process ToolSource="c:\program files\arcgis\pro\Resources\ArcToolbox\toolboxes\Data Management Tools.tbx\CalculateField" Date="20210122" Time="111533" Name="" export="">CalculateField SALURBAL_L2_1_22_20_local L2NAME2 !L2NAME! "Python 3" # Text</Process><Process ToolSource="c:\program files\arcgis\pro\Resources\ArcToolbox\toolboxes\Data Management Tools.tbx\CalculateField" Date="20210122" Time="132404" Name="" export="">CalculateField SALURBAL_L2_1_22_21_local L2TYPE "Partidos" "Python 3" # Text</Process><Process ToolSource="c:\program files\arcgis\pro\Resources\ArcToolbox\toolboxes\Data Management Tools.tbx\CalculateField" Date="20210122" Time="132617" Name="" export="">CalculateField SALURBAL_L2_1_22_21_local L2TYPE "Partido" "Python 3" # Text</Process><Process ToolSource="c:\program files\arcgis\pro\Resources\ArcToolbox\toolboxes\Conversion Tools.tbx\FeatureClassToFeatureClass" Date="20210504" Time="110911" Name="" export="">FeatureClassToFeatureClass SALURBAL_L2_1_22_21_local C:\Users\sjmel\Documents\ArcGIS\Projects\SALURBAL\Wellcome_Admin_Boundaries\Wellcome_Admin_Boundaries_server.gdb SALURBAL_L2_5_4_21_local # "L2LOCALID "L2LOCALID" true true false 254 Text 0 0,First,#,SALURBAL_L2_1_22_21_local,L2LOCALID,0,254;SALID1 "SALID1" true true false 4 Long 0 0,First,#,SALURBAL_L2_1_22_21_local,SALID1,-1,-1;SALID2 "SALID2" true true false 4 Long 0 0,First,#,SALURBAL_L2_1_22_21_local,SALID2,-1,-1;ADM1LOCALID "ADM1LOCALID" true true false 254 Text 0 0,First,#,SALURBAL_L2_1_22_21_local,ADM1LOCALID,0,254;ADM1NAME "ADM1NAME" true true false 254 Text 0 0,First,#,SALURBAL_L2_1_22_21_local,ADM1NAME,0,254;L2NAME "L2NAME" true true false 254 Text 0 0,First,#,SALURBAL_L2_1_22_21_local,L2NAME,0,254;SALMAID1 "SALMAID1" true true false 4 Long 0 0,First,#,SALURBAL_L2_1_22_21_local,SALMAID1,-1,-1;SALMAID2 "SALMAID2" true true false 4 Long 0 0,First,#,SALURBAL_L2_1_22_21_local,SALMAID2,-1,-1;SALMBID1 "SALMBID1" true true false 4 Long 0 0,First,#,SALURBAL_L2_1_22_21_local,SALMBID1,-1,-1;SALMBID2 "SALMBID2" true true false 4 Long 0 0,First,#,SALURBAL_L2_1_22_21_local,SALMBID2,-1,-1;COUNTRYAB "COUNTRYAB" true true false 2 Text 0 0,First,#,SALURBAL_L2_1_22_21_local,COUNTRYAB,0,2;COUNTRY_SALID "COUNTRY_SALID" true true false 4 Long 0 0,First,#,SALURBAL_L2_1_22_21_local,COUNTRY_SALID,-1,-1;ADM1TYPE "ADM1TYPE" true true false 20 Text 0 0,First,#,SALURBAL_L2_1_22_21_local,ADM1TYPE,0,20;ADM2LOCALID "ADM2LOCALID" true true false 4 Text 0 0,First,#,SALURBAL_L2_1_22_21_local,ADM2LOCALID,0,4;ADM2NAME "ADM2NAME" true true false 50 Text 0 0,First,#,SALURBAL_L2_1_22_21_local,ADM2NAME,0,50;ADM2TYPE "ADM2TYPE" true true false 20 Text 0 0,First,#,SALURBAL_L2_1_22_21_local,ADM2TYPE,0,20;L2TYPE "L2TYPE" true true false 20 Text 0 0,First,#,SALURBAL_L2_1_22_21_local,L2TYPE,0,20;L1NAME "L1NAME" true true false 50 Text 0 0,First,#,SALURBAL_L2_1_22_21_local,L1NAME,0,50;Shape_Length "Shape_Length" false true true 8 Double 0 0,First,#,SALURBAL_L2_1_22_21_local,Shape_Length,-1,-1;Shape_Area "Shape_Area" false true true 8 Double 0 0,First,#,SALURBAL_L2_1_22_21_local,Shape_Area,-1,-1;L2NAME2 "L2NAME2" true true false 255 Text 0 0,First,#,SALURBAL_L2_1_22_21_local,L2NAME2,0,255" #</Process><Process ToolSource="c:\program files\arcgis\pro\Resources\ArcToolbox\toolboxes\Data Management Tools.tbx\UpdateSchema" Date="20210504" Time="111656" Name="" export="">UpdateSchema "CIMDATA=&lt;CIMStandardDataConnection xsi:type='typens:CIMStandardDataConnection' xmlns:xsi='http://www.w3.org/2001/XMLSchema-instance' xmlns:xs='http://www.w3.org/2001/XMLSchema' xmlns:typens='http://www.esri.com/schemas/ArcGIS/2.7.0'&gt;&lt;WorkspaceConnectionString&gt;DATABASE=C:\Users\sjmel\Documents\ArcGIS\Projects\SALURBAL\Wellcome_Admin_Boundaries\Wellcome_Admin_Boundaries_server.gdb&lt;/WorkspaceConnectionString&gt;&lt;WorkspaceFactory&gt;FileGDB&lt;/WorkspaceFactory&gt;&lt;Dataset&gt;SALURBAL_L2_5_4_21_local&lt;/Dataset&gt;&lt;DatasetType&gt;esriDTFeatureClass&lt;/DatasetType&gt;&lt;/CIMStandardDataConnection&gt;" &lt;operationSequence&gt;&lt;workflow&gt;&lt;AddField&gt;&lt;field_name&gt;EXLCD_BD_MSRS&lt;/field_name&gt;&lt;field_type&gt;LONG&lt;/field_type&gt;&lt;field_alias&gt;EXLCD_BD_MSRS&lt;/field_alias&gt;&lt;field_is_nullable&gt;True&lt;/field_is_nullable&gt;&lt;field_is_required&gt;False&lt;/field_is_required&gt;&lt;/AddField&gt;&lt;/workflow&gt;&lt;/operationSequence&gt;</Process><Process ToolSource="c:\program files\arcgis\pro\Resources\ArcToolbox\toolboxes\Data Management Tools.tbx\UpdateSchema" Date="20210504" Time="111858" Name="" export="">UpdateSchema "CIMDATA=&lt;CIMStandardDataConnection xsi:type='typens:CIMStandardDataConnection' xmlns:xsi='http://www.w3.org/2001/XMLSchema-instance' xmlns:xs='http://www.w3.org/2001/XMLSchema' xmlns:typens='http://www.esri.com/schemas/ArcGIS/2.7.0'&gt;&lt;WorkspaceConnectionString&gt;DATABASE=C:\Users\sjmel\Documents\ArcGIS\Projects\SALURBAL\Wellcome_Admin_Boundaries\Wellcome_Admin_Boundaries_server.gdb&lt;/WorkspaceConnectionString&gt;&lt;WorkspaceFactory&gt;FileGDB&lt;/WorkspaceFactory&gt;&lt;Dataset&gt;SALURBAL_L2_5_4_21_local&lt;/Dataset&gt;&lt;DatasetType&gt;esriDTFeatureClass&lt;/DatasetType&gt;&lt;/CIMStandardDataConnection&gt;" &lt;operationSequence&gt;&lt;workflow&gt;&lt;AlterField&gt;&lt;field_name&gt;EXLCD_BD_MSRS&lt;/field_name&gt;&lt;new_field_name&gt;EXLCD_BE_MSRS&lt;/new_field_name&gt;&lt;field_is_nullable&gt;True&lt;/field_is_nullable&gt;&lt;clear_field_alias&gt;False&lt;/clear_field_alias&gt;&lt;/AlterField&gt;&lt;/workflow&gt;&lt;/operationSequence&gt;</Process><Process ToolSource="c:\program files\arcgis\pro\Resources\ArcToolbox\toolboxes\Data Management Tools.tbx\Append" Date="20210504" Time="131253" Name="" export="">Append SALURBAL_L2_1_22_21_local_notinL!AD SALURBAL_L2_5_4_21_local "Use the field map to reconcile field differences" "L2LOCALID "L2LOCALID" true true false 254 Text 0 0,First,#,SALURBAL_L2_1_22_21_local_notinL!AD,L2LOCALID,0,254;SALID1 "SALID1" true true false 4 Long 0 0,First,#,SALURBAL_L2_1_22_21_local_notinL!AD,SALID1,-1,-1;SALID2 "SALID2" true true false 4 Long 0 0,First,#,SALURBAL_L2_1_22_21_local_notinL!AD,SALID2,-1,-1;ADM1LOCALID "ADM1LOCALID" true true false 254 Text 0 0,First,#,SALURBAL_L2_1_22_21_local_notinL!AD,ADM1LOCALID,0,254;ADM1NAME "ADM1NAME" true true false 254 Text 0 0,First,#,SALURBAL_L2_1_22_21_local_notinL!AD,ADM1NAME,0,254;L2NAME "L2NAME" true true false 254 Text 0 0,First,#,SALURBAL_L2_1_22_21_local_notinL!AD,L2NAME,0,254;SALMAID1 "SALMAID1" true true false 4 Long 0 0,First,#,SALURBAL_L2_1_22_21_local_notinL!AD,SALMAID1,-1,-1;SALMAID2 "SALMAID2" true true false 4 Long 0 0,First,#,SALURBAL_L2_1_22_21_local_notinL!AD,SALMAID2,-1,-1;SALMBID1 "SALMBID1" true true false 4 Long 0 0,First,#,SALURBAL_L2_1_22_21_local_notinL!AD,SALMBID1,-1,-1;SALMBID2 "SALMBID2" true true false 4 Long 0 0,First,#,SALURBAL_L2_1_22_21_local_notinL!AD,SALMBID2,-1,-1;COUNTRYAB "COUNTRYAB" true true false 2 Text 0 0,First,#,SALURBAL_L2_1_22_21_local_notinL!AD,COUNTRYAB,0,2;COUNTRY_SALID "COUNTRY_SALID" true true false 4 Long 0 0,First,#,SALURBAL_L2_1_22_21_local_notinL!AD,COUNTRY_SALID,-1,-1;ADM1TYPE "ADM1TYPE" true true false 20 Text 0 0,First,#,SALURBAL_L2_1_22_21_local_notinL!AD,ADM1TYPE,0,20;ADM2LOCALID "ADM2LOCALID" true true false 4 Text 0 0,First,#,SALURBAL_L2_1_22_21_local_notinL!AD,ADM2LOCALID,0,4;ADM2NAME "ADM2NAME" true true false 50 Text 0 0,First,#,SALURBAL_L2_1_22_21_local_notinL!AD,ADM2NAME,0,50;ADM2TYPE "ADM2TYPE" true true false 20 Text 0 0,First,#,SALURBAL_L2_1_22_21_local_notinL!AD,ADM2TYPE,0,20;L2TYPE "L2TYPE" true true false 20 Text 0 0,First,#,SALURBAL_L2_1_22_21_local_notinL!AD,L2TYPE,0,20;L1NAME "L1NAME" true true false 50 Text 0 0,First,#,SALURBAL_L2_1_22_21_local_notinL!AD,L1NAME,0,50;L2NAME2 "L2NAME2" true true false 255 Text 0 0,First,#,SALURBAL_L2_1_22_21_local_notinL!AD,L2NAME2,0,255;EXLCD_BE_MSRS "EXLCD_BD_MSRS" true true false 4 Long 0 0,First,#" # #</Process><Process ToolSource="c:\program files\arcgis\pro\Resources\ArcToolbox\toolboxes\Data Management Tools.tbx\CopyMultiple" Date="20210504" Time="131737" Name="" export="">CopyMultiple "C:\Users\sjmel\Documents\ArcGIS\Projects\SALURBAL\Wellcome_Admin_Boundaries\Wellcome_Admin_Boundaries_server.gdb\SALURBAL_L2_5_4_21_local FeatureClass" "W:\Projects\Wellcome_Trust\Data Methods Core\Geodatabases\SALURBAL_1_4_21\SALURBAL_L2_1_4_21.gdb" SALURBAL_L2_5_4_21_local "SALURBAL_L2_5_4_21_local FeatureClass SALURBAL_L2_5_4_21_local #"</Process><Process ToolSource="c:\program files\arcgis\pro\Resources\ArcToolbox\toolboxes\Data Management Tools.tbx\CopyMultiple" Date="20210527" Time="164901" Name="" export="">CopyMultiple "'W:\Projects\Wellcome_Trust\Data Methods Core\Geodatabases\SALURBAL_1_4_21\SALURBAL_L2_1_4_21.gdb\SALURBAL_L2_5_4_21' FeatureClass" "W:\Projects\Wellcome_Trust\Data Methods Core\Geodatabases\SALURBAL_1_4_21\SALURBAL_L2_1_4_21.gdb" SALURBAL_L2_5_4_21_1 "SALURBAL_L2_5_4_21 FeatureClass SALURBAL_L2_5_4_21_1 #"</Process><Process ToolSource="c:\program files\arcgis\pro\Resources\ArcToolbox\toolboxes\Data Management Tools.tbx\Rename" Date="20210527" Time="165220" Name="" export="">Rename "W:\Projects\Wellcome_Trust\Data Methods Core\Geodatabases\SALURBAL_1_4_21\SALURBAL_L2_1_4_21.gdb\SALURBAL_L2_5_4_21_1" "W:\Projects\Wellcome_Trust\Data Methods Core\Geodatabases\SALURBAL_1_4_21\SALURBAL_L2_1_4_21.gdb\SALURBAL_L2_5_27_21" FeatureClass</Process><Process ToolSource="c:\program files\arcgis\pro\Resources\ArcToolbox\toolboxes\Data Management Tools.tbx\CalculateField" Date="20210527" Time="165933" Name="" export="">CalculateField SALURBAL_L2_5_4_21_local EXLCD_BE_MSRS 0 "Python 3" # Text</Process><Process ToolSource="c:\program files\arcgis\pro\Resources\ArcToolbox\toolboxes\Conversion Tools.tbx\FeatureClassToFeatureClass" Date="20210706" Time="143538" Name="" export="">FeatureClassToFeatureClass SALURBAL_L2_5_27_21 "W:\Projects\Wellcome_Trust\Data Methods Core\Geodatabases\SALURBAL_1_4_21\SALURBAL_L2_1_4_21.gdb" SALUBAL_L2_7_6_21 # "L2LOCALID "L2LOCALID" true true false 254 Text 0 0,First,#,SALURBAL_L2_5_27_21,L2LOCALID,0,254;SALID1 "SALID1" true true false 4 Long 0 0,First,#,SALURBAL_L2_5_27_21,SALID1,-1,-1;SALID2 "SALID2" true true false 4 Long 0 0,First,#,SALURBAL_L2_5_27_21,SALID2,-1,-1;ADM1LOCALID "ADM1LOCALID" true true false 254 Text 0 0,First,#,SALURBAL_L2_5_27_21,ADM1LOCALID,0,254;ADM1NAME "ADM1NAME" true true false 254 Text 0 0,First,#,SALURBAL_L2_5_27_21,ADM1NAME,0,254;L2NAME "L2NAME" true true false 254 Text 0 0,First,#,SALURBAL_L2_5_27_21,L2NAME,0,254;SALMAID1 "SALMAID1" true true false 4 Long 0 0,First,#,SALURBAL_L2_5_27_21,SALMAID1,-1,-1;SALMAID2 "SALMAID2" true true false 4 Long 0 0,First,#,SALURBAL_L2_5_27_21,SALMAID2,-1,-1;SALMBID1 "SALMBID1" true true false 4 Long 0 0,First,#,SALURBAL_L2_5_27_21,SALMBID1,-1,-1;SALMBID2 "SALMBID2" true true false 4 Long 0 0,First,#,SALURBAL_L2_5_27_21,SALMBID2,-1,-1;COUNTRYAB "COUNTRYAB" true true false 2 Text 0 0,First,#,SALURBAL_L2_5_27_21,COUNTRYAB,0,2;COUNTRY_SALID "COUNTRY_SALID" true true false 4 Long 0 0,First,#,SALURBAL_L2_5_27_21,COUNTRY_SALID,-1,-1;ADM1TYPE "ADM1TYPE" true true false 20 Text 0 0,First,#,SALURBAL_L2_5_27_21,ADM1TYPE,0,20;ADM2LOCALID "ADM2LOCALID" true true false 4 Text 0 0,First,#,SALURBAL_L2_5_27_21,ADM2LOCALID,0,4;ADM2NAME "ADM2NAME" true true false 50 Text 0 0,First,#,SALURBAL_L2_5_27_21,ADM2NAME,0,50;ADM2TYPE "ADM2TYPE" true true false 20 Text 0 0,First,#,SALURBAL_L2_5_27_21,ADM2TYPE,0,20;L2TYPE "L2TYPE" true true false 20 Text 0 0,First,#,SALURBAL_L2_5_27_21,L2TYPE,0,20;L1NAME "L1NAME" true true false 50 Text 0 0,First,#,SALURBAL_L2_5_27_21,L1NAME,0,50;L2NAME2 "L2NAME2" true true false 255 Text 0 0,First,#,SALURBAL_L2_5_27_21,L2NAME2,0,255;EXLCD_BE_MSRS "EXLCD_BD_MSRS" true true false 4 Long 0 0,First,#,SALURBAL_L2_5_27_21,EXLCD_BE_MSRS,-1,-1;Shape_Length "Shape_Length" false true true 8 Double 0 0,First,#,SALURBAL_L2_5_27_21,Shape_Length,-1,-1;Shape_Area "Shape_Area" false true true 8 Double 0 0,First,#,SALURBAL_L2_5_27_21,Shape_Area,-1,-1" #</Process><Process ToolSource="c:\program files\arcgis\pro\Resources\ArcToolbox\toolboxes\Data Management Tools.tbx\Rename" Date="20210707" Time="113108" Name="" export="">Rename "W:\Projects\Wellcome_Trust\Data Methods Core\Geodatabases\SALURBAL_1_4_21\SALURBAL_L2_1_4_21.gdb\SALUBAL_L2_7_6_21" "W:\Projects\Wellcome_Trust\Data Methods Core\Geodatabases\SALURBAL_1_4_21\SALURBAL_L2_1_4_21.gdb\SALURBAL_L2_7_6_21" FeatureClass</Process><Process ToolSource="c:\program files\arcgis\pro\Resources\ArcToolbox\Toolboxes\Data Management Tools.tbx\CopyMultiple" Date="20230602" Time="092502" Name="" export="">CopyMultiple "'W:\Projects\Wellcome_Trust\Data Methods Core\Geodatabases\SALURBAL_1_4_21\SALURBAL_L2_1_4_21.gdb\SALURBAL_L2_7_6_21' FeatureClass" "C:\Users\nmr325\Documents\ArcGIS\Projects\SALURBAL\SALURBAL Renovations.gdb" SALURBAL_L2_7_6_21 "SALURBAL_L2_7_6_21 FeatureClass SALURBAL_L2_7_6_21 #"</Process><Process ToolSource="c:\program files\arcgis\pro\Resources\ArcToolbox\Toolboxes\Data Management Tools.tbx\Rename" Date="20230602" Time="092553" Name="" export="">Rename "C:\Users\nmr325\Documents\ArcGIS\Projects\SALURBAL\SALURBAL Renovations.gdb\SALURBAL_L2_7_6_21" "C:\Users\nmr325\Documents\ArcGIS\Projects\SALURBAL\SALURBAL Renovations.gdb\SALURBAL_L2_Reno" FeatureClass</Process><Process ToolSource="c:\program files\arcgis\pro\Resources\ArcToolbox\toolboxes\Data Management Tools.tbx\UpdateSchema" Date="20230602" Time="110815" Name="" export="">UpdateSchema "CIMDATA=&lt;CIMStandardDataConnection xsi:type='typens:CIMStandardDataConnection' xmlns:xsi='http://www.w3.org/2001/XMLSchema-instance' xmlns:xs='http://www.w3.org/2001/XMLSchema' xmlns:typens='http://www.esri.com/schemas/ArcGIS/3.1.0'&gt;&lt;WorkspaceConnectionString&gt;DATABASE=C:\Users\nmr325\Documents\ArcGIS\Projects\SALURBAL\SALURBAL Renovations.gdb&lt;/WorkspaceConnectionString&gt;&lt;WorkspaceFactory&gt;FileGDB&lt;/WorkspaceFactory&gt;&lt;Dataset&gt;SALURBAL_L2_Reno&lt;/Dataset&gt;&lt;DatasetType&gt;esriDTFeatureClass&lt;/DatasetType&gt;&lt;/CIMStandardDataConnection&gt;" &lt;operationSequence&gt;&lt;workflow&gt;&lt;DeleteField&gt;&lt;field_name&gt;SALMAID1&lt;/field_name&gt;&lt;field_name&gt;SALMAID2&lt;/field_name&gt;&lt;field_name&gt;SALMBID1&lt;/field_name&gt;&lt;field_name&gt;SALMBID2&lt;/field_name&gt;&lt;field_name&gt;EXLCD_BE_MSRS&lt;/field_name&gt;&lt;/DeleteField&gt;&lt;/workflow&gt;&lt;/operationSequence&gt;</Process><Process ToolSource="c:\program files\arcgis\pro\Resources\ArcToolbox\toolboxes\Data Management Tools.tbx\UpdateSchema" Date="20230602" Time="110916" Name="" export="">UpdateSchema "CIMDATA=&lt;CIMStandardDataConnection xsi:type='typens:CIMStandardDataConnection' xmlns:xsi='http://www.w3.org/2001/XMLSchema-instance' xmlns:xs='http://www.w3.org/2001/XMLSchema' xmlns:typens='http://www.esri.com/schemas/ArcGIS/3.1.0'&gt;&lt;WorkspaceConnectionString&gt;DATABASE=C:\Users\nmr325\Documents\ArcGIS\Projects\SALURBAL\SALURBAL Renovations.gdb&lt;/WorkspaceConnectionString&gt;&lt;WorkspaceFactory&gt;FileGDB&lt;/WorkspaceFactory&gt;&lt;Dataset&gt;SALURBAL_L2_Reno&lt;/Dataset&gt;&lt;DatasetType&gt;esriDTFeatureClass&lt;/DatasetType&gt;&lt;/CIMStandardDataConnection&gt;" &lt;operationSequence&gt;&lt;workflow&gt;&lt;AddField&gt;&lt;field_name&gt;L1NAME2&lt;/field_name&gt;&lt;field_type&gt;TEXT&lt;/field_type&gt;&lt;field_length&gt;255&lt;/field_length&gt;&lt;field_is_nullable&gt;True&lt;/field_is_nullable&gt;&lt;field_is_required&gt;False&lt;/field_is_required&gt;&lt;/AddField&gt;&lt;/workflow&gt;&lt;/operationSequence&gt;</Process><Process ToolSource="c:\program files\arcgis\pro\Resources\ArcToolbox\toolboxes\Data Management Tools.tbx\UpdateSchema" Date="20230602" Time="114445" Name="" export="">UpdateSchema "CIMDATA=&lt;CIMStandardDataConnection xsi:type='typens:CIMStandardDataConnection' xmlns:xsi='http://www.w3.org/2001/XMLSchema-instance' xmlns:xs='http://www.w3.org/2001/XMLSchema' xmlns:typens='http://www.esri.com/schemas/ArcGIS/3.1.0'&gt;&lt;WorkspaceConnectionString&gt;DATABASE=C:\Users\nmr325\Documents\ArcGIS\Projects\SALURBAL\SALURBAL Renovations.gdb&lt;/WorkspaceConnectionString&gt;&lt;WorkspaceFactory&gt;FileGDB&lt;/WorkspaceFactory&gt;&lt;Dataset&gt;SALURBAL_L2_Reno&lt;/Dataset&gt;&lt;DatasetType&gt;esriDTFeatureClass&lt;/DatasetType&gt;&lt;/CIMStandardDataConnection&gt;" &lt;operationSequence&gt;&lt;workflow&gt;&lt;AlterField&gt;&lt;field_name&gt;ADM1LOCALID&lt;/field_name&gt;&lt;new_field_name&gt;ADM1LOCID&lt;/new_field_name&gt;&lt;field_type&gt;TEXT&lt;/field_type&gt;&lt;field_is_nullable&gt;True&lt;/field_is_nullable&gt;&lt;clear_field_alias&gt;False&lt;/clear_field_alias&gt;&lt;/AlterField&gt;&lt;/workflow&gt;&lt;workflow&gt;&lt;AlterField&gt;&lt;field_name&gt;COUNTRY_SALID&lt;/field_name&gt;&lt;new_field_name&gt;CTRY_SALID&lt;/new_field_name&gt;&lt;field_is_nullable&gt;True&lt;/field_is_nullable&gt;&lt;clear_field_alias&gt;False&lt;/clear_field_alias&gt;&lt;/AlterField&gt;&lt;/workflow&gt;&lt;workflow&gt;&lt;AlterField&gt;&lt;field_name&gt;ADM2LOCALID&lt;/field_name&gt;&lt;new_field_name&gt;ADM2LOCID&lt;/new_field_name&gt;&lt;field_type&gt;TEXT&lt;/field_type&gt;&lt;field_is_nullable&gt;True&lt;/field_is_nullable&gt;&lt;clear_field_alias&gt;False&lt;/clear_field_alias&gt;&lt;/AlterField&gt;&lt;/workflow&gt;&lt;/operationSequence&gt;</Process><Process ToolSource="c:\program files\arcgis\pro\Resources\ArcToolbox\toolboxes\Data Management Tools.tbx\CalculateField" Date="20230602" Time="125552" Name="" export="">CalculateField SALURBAL_L2_Reno L2NAME2 Reclass(!L2NAME2!, !L2NAME!) "Python 3" "def Reclass(L2NAME2, L2NAME):
   if L2NAME2 == L2NAME:
     return None
   else:
       return L2NAME2" Text NO_ENFORCE_DOMAINS</Process><Process ToolSource="c:\program files\arcgis\pro\Resources\ArcToolbox\toolboxes\Conversion Tools.tbx\ExportFeatures" Date="20230602" Time="131547" Name="" export="">ExportFeatures SALURBAL_L2_Reno "C:\Users\nmr325\Documents\ArcGIS\Projects\SALURBAL\SALURBAL Renovations.gdb\SALURBAL_L2_Reno1" # NOT_USE_ALIAS "L2LOCALID "L2LOCALID" true true false 254 Text 0 0,First,#,SALURBAL_L2_Reno,L2LOCALID,0,254;SALID1 "SALID1" true true false 4 Long 0 0,First,#,SALURBAL_L2_Reno,SALID1,-1,-1;SALID2 "SALID2" true true false 4 Long 0 0,First,#,SALURBAL_L2_Reno,SALID2,-1,-1;ADM1LOCID "ADM1LOCALID" true true false 254 Text 0 0,First,#,SALURBAL_L2_Reno,ADM1LOCID,0,254;ADM1NAME "ADM1NAME" true true false 254 Text 0 0,First,#,SALURBAL_L2_Reno,ADM1NAME,0,254;L2NAME "L2NAME" true true false 254 Text 0 0,First,#,SALURBAL_L2_Reno,L2NAME,0,254;COUNTRYAB "COUNTRYAB" true true false 2 Text 0 0,First,#,SALURBAL_L2_Reno,COUNTRYAB,0,2;CTRY_SALID "COUNTRY_SALID" true true false 4 Long 0 0,First,#,SALURBAL_L2_Reno,CTRY_SALID,-1,-1;ADM1TYPE "ADM1TYPE" true true false 20 Text 0 0,First,#,SALURBAL_L2_Reno,ADM1TYPE,0,20;ADM2LOCID "ADM2LOCALID" true true false 4 Text 0 0,First,#,SALURBAL_L2_Reno,ADM2LOCID,0,4;ADM2NAME "ADM2NAME" true true false 50 Text 0 0,First,#,SALURBAL_L2_Reno,ADM2NAME,0,50;ADM2TYPE "ADM2TYPE" true true false 20 Text 0 0,First,#,SALURBAL_L2_Reno,ADM2TYPE,0,20;L2TYPE "L2TYPE" true true false 20 Text 0 0,First,#,SALURBAL_L2_Reno,L2TYPE,0,20;L1NAME "L1NAME" true true false 50 Text 0 0,First,#,SALURBAL_L2_Reno,L1NAME,0,50;L2NAME2 "L2NAME2" true true false 255 Text 0 0,First,#,SALURBAL_L2_Reno,L2NAME2,0,255;Shape_Length "Shape_Length" false true true 8 Double 0 0,First,#,SALURBAL_L2_Reno,Shape_Length,-1,-1;Shape_Area "Shape_Area" false true true 8 Double 0 0,First,#,SALURBAL_L2_Reno,Shape_Area,-1,-1;L1NAME2 "L1NAME2" true true false 255 Text 0 0,First,#,SALURBAL_L2_Reno,L1NAME2,0,255" #</Process><Process ToolSource="c:\program files\arcgis\pro\Resources\ArcToolbox\Toolboxes\Data Management Tools.tbx\Rename" Date="20230605" Time="115714" Name="" export="">Rename "C:\Users\nmr325\Documents\ArcGIS\Projects\SALURBAL\SALURBAL Renovations.gdb\SALURBAL_L2_Reno1" "C:\Users\nmr325\Documents\ArcGIS\Projects\SALURBAL\SALURBAL Renovations.gdb\SALURBAL_L2_Reno" FeatureClass</Process><Process ToolSource="c:\program files\arcgis\pro\Resources\ArcToolbox\toolboxes\Data Management Tools.tbx\CopyMultiple" Date="20230605" Time="134145" Name="" export="">CopyMultiple "'C:\Users\nmr325\Documents\ArcGIS\Projects\SALURBAL\SALURBAL Renovations.gdb\SALURBAL_L2_Reno' FeatureClass" "C:\Users\nmr325\Documents\ArcGIS\Projects\SALURBAL\SALURBAL Renovations.gdb\Topology_Reno" SALURBAL_L2_Reno_1 "SALURBAL_L2_Reno FeatureClass SALURBAL_L2_Reno_1 #"</Process><Process ToolSource="c:\program files\arcgis\pro\Resources\ArcToolbox\toolboxes\Data Management Tools.tbx\UpdateSchema" Date="20230605" Time="160334" Name="" export="">UpdateSchema "CIMDATA=&lt;CIMFeatureDatasetDataConnection xsi:type='typens:CIMFeatureDatasetDataConnection' xmlns:xsi='http://www.w3.org/2001/XMLSchema-instance' xmlns:xs='http://www.w3.org/2001/XMLSchema' xmlns:typens='http://www.esri.com/schemas/ArcGIS/3.1.0'&gt;&lt;FeatureDataset&gt;Topology_Reno&lt;/FeatureDataset&gt;&lt;WorkspaceConnectionString&gt;DATABASE=C:\Users\nmr325\Documents\ArcGIS\Projects\SALURBAL\SALURBAL Renovations.gdb&lt;/WorkspaceConnectionString&gt;&lt;WorkspaceFactory&gt;FileGDB&lt;/WorkspaceFactory&gt;&lt;Dataset&gt;SALURBAL_L2_Reno_1&lt;/Dataset&gt;&lt;DatasetType&gt;esriDTFeatureClass&lt;/DatasetType&gt;&lt;/CIMFeatureDatasetDataConnection&gt;" &lt;operationSequence&gt;&lt;workflow&gt;&lt;AddField&gt;&lt;field_name&gt;Check_Vertices&lt;/field_name&gt;&lt;field_type&gt;LONG&lt;/field_type&gt;&lt;field_is_nullable&gt;True&lt;/field_is_nullable&gt;&lt;field_is_required&gt;False&lt;/field_is_required&gt;&lt;/AddField&gt;&lt;/workflow&gt;&lt;/operationSequence&gt;</Process><Process ToolSource="c:\program files\arcgis\pro\Resources\ArcToolbox\Toolboxes\Data Management Tools.tbx\DeleteField" Date="20230609" Time="151148" Name="" export="">DeleteField SALURBAL_L2_Reno Check_Vertices "Delete Fields"</Process><Process ToolSource="c:\program files\arcgis\pro\Resources\ArcToolbox\toolboxes\Conversion Tools.tbx\ExportFeatures" Date="20230609" Time="151701" Name="" export="">ExportFeatures SALURBAL_L2_Reno C:\Users\nmr325\Documents\ArcGIS\Projects\SALURBAL\SALURBAL.gdb\SALURBAL_L2_Re_ExportFeature # NOT_USE_ALIAS "L2LOCALID "L2LOCALID" true true false 254 Text 0 0,First,#,SALURBAL_L2_Reno,L2LOCALID,0,254;SALID1 "SALID1" true true false 4 Long 0 0,First,#,SALURBAL_L2_Reno,SALID1,-1,-1;SALID2 "SALID2" true true false 4 Long 0 0,First,#,SALURBAL_L2_Reno,SALID2,-1,-1;ADM1LOCID "ADM1LOCALID" true true false 254 Text 0 0,First,#,SALURBAL_L2_Reno,ADM1LOCID,0,254;ADM1NAME "ADM1NAME" true true false 254 Text 0 0,First,#,SALURBAL_L2_Reno,ADM1NAME,0,254;L2NAME "L2NAME" true true false 254 Text 0 0,First,#,SALURBAL_L2_Reno,L2NAME,0,254;COUNTRYAB "COUNTRYAB" true true false 2 Text 0 0,First,#,SALURBAL_L2_Reno,COUNTRYAB,0,2;CTRY_SALID "COUNTRY_SALID" true true false 4 Long 0 0,First,#,SALURBAL_L2_Reno,CTRY_SALID,-1,-1;ADM1TYPE "ADM1TYPE" true true false 20 Text 0 0,First,#,SALURBAL_L2_Reno,ADM1TYPE,0,20;ADM2LOCID "ADM2LOCALID" true true false 4 Text 0 0,First,#,SALURBAL_L2_Reno,ADM2LOCID,0,4;ADM2NAME "ADM2NAME" true true false 50 Text 0 0,First,#,SALURBAL_L2_Reno,ADM2NAME,0,50;ADM2TYPE "ADM2TYPE" true true false 20 Text 0 0,First,#,SALURBAL_L2_Reno,ADM2TYPE,0,20;L2TYPE "L2TYPE" true true false 20 Text 0 0,First,#,SALURBAL_L2_Reno,L2TYPE,0,20;L1NAME "L1NAME" true true false 50 Text 0 0,First,#,SALURBAL_L2_Reno,L1NAME,0,50;L2NAME2 "L2NAME2" true true false 255 Text 0 0,First,#,SALURBAL_L2_Reno,L2NAME2,0,255;L1NAME2 "L1NAME2" true true false 255 Text 0 0,First,#,SALURBAL_L2_Reno,L1NAME2,0,255;Shape_Length "Shape_Length" false true true 8 Double 0 0,First,#,SALURBAL_L2_Reno,Shape_Length,-1,-1;Shape_Area "Shape_Area" false true true 8 Double 0 0,First,#,SALURBAL_L2_Reno,Shape_Area,-1,-1" #</Process><Process ToolSource="c:\program files\arcgis\pro\Resources\ArcToolbox\toolboxes\Data Management Tools.tbx\CopyMultiple" Date="20230609" Time="151801" Name="" export="">CopyMultiple "C:\Users\nmr325\Documents\ArcGIS\Projects\SALURBAL\SALURBAL.gdb\SALURBAL_L2_Re_ExportFeature FeatureClass" C:\Users\nmr325\Documents\ArcGIS\Projects\SALURBAL\SALURBAL__L2_20230609_Islands.gdb SALURBAL_L2_Re_ExportFeature "SALURBAL_L2_Re_ExportFeature FeatureClass SALURBAL_L2_Re_ExportFeature #"</Process><Process ToolSource="c:\program files\arcgis\pro\Resources\ArcToolbox\toolboxes\Data Management Tools.tbx\Rename" Date="20230609" Time="151813" Name="" export="">Rename C:\Users\nmr325\Documents\ArcGIS\Projects\SALURBAL\SALURBAL__L2_20230609_Islands.gdb\SALURBAL_L2_Re_ExportFeature C:\Users\nmr325\Documents\ArcGIS\Projects\SALURBAL\SALURBAL__L2_20230609_Islands.gdb\SALURBAL_L2_20230609 FeatureClass</Process><Process ToolSource="c:\program files\arcgis\pro\Resources\ArcToolbox\toolboxes\Analysis Tools.tbx\PairwiseDissolve" Date="20230803" Time="104425" Name="" export="">PairwiseDissolve SALURBAL_L2_20230609 C:\Users\nmr325\Documents\ArcGIS\Projects\SALURBAL\SALURBAL.gdb\SALURBAL_L1AD_Islands SALID1;L1NAME;L1NAME2 # MULTI_PART #</Process><Process ToolSource="c:\program files\arcgis\pro\Resources\ArcToolbox\toolboxes\Data Management Tools.tbx\JoinField" Date="20230803" Time="105433" Name="" export="">JoinField SALURBAL_L1AD_Islands SALID1 SALURBAL_L2_20230609 SALID1 SALID1;ADM1LOCID;ADM1NAME;COUNTRYAB;CTRY_SALID;ADM1TYPE;ADM2NAME "Select transfer fields" #</Process><Process ToolSource="c:\program files\arcgis\pro\Resources\ArcToolbox\toolboxes\Data Management Tools.tbx\Rename" Date="20230803" Time="110043" Name="" export="">Rename C:\Users\nmr325\Documents\ArcGIS\Projects\SALURBAL\SALURBAL.gdb\SALURBAL_L1AD_Islands C:\Users\nmr325\Documents\ArcGIS\Projects\SALURBAL\SALURBAL.gdb\SALURBAL_L1AD_2023_0803_Islands FeatureClass</Process><Process ToolSource="c:\program files\arcgis\pro\Resources\ArcToolbox\toolboxes\Data Management Tools.tbx\Rename" Date="20230803" Time="110050" Name="" export="">Rename C:\Users\nmr325\Documents\ArcGIS\Projects\SALURBAL\SALURBAL.gdb\SALURBAL_L1AD_2023_0803_Islands C:\Users\nmr325\Documents\ArcGIS\Projects\SALURBAL\SALURBAL.gdb\SALURBAL_L1AD_20230803_Islands FeatureClass</Process><Process ToolSource="c:\program files\arcgis\pro\Resources\ArcToolbox\toolboxes\Data Management Tools.tbx\CopyMultiple" Date="20230803" Time="110156" Name="" export="">CopyMultiple "C:\Users\nmr325\Documents\ArcGIS\Projects\SALURBAL\SALURBAL.gdb\SALURBAL_L1AD_20230803_Islands FeatureClass" "W:\Projects\Wellcome_Trust\Data Methods Core\Geodatabases\SALURBAL_4_10_23\SALURBAL_L1AD_20230803_Islands.gdb" SALURBAL_L1AD_20230803_Islands "SALURBAL_L1AD_20230803_Islands FeatureClass SALURBAL_L1AD_20230803_Islands #"</Process><Process ToolSource="c:\program files\arcgis\pro\Resources\ArcToolbox\toolboxes\Data Management Tools.tbx\DeleteField" Date="20230803" Time="115934" Name="" export="">DeleteField SALURBAL_L1AD_20230803_Islands SALID1_1 "Delete Fields"</Process><Process ToolSource="c:\program files\arcgis\pro\Resources\ArcToolbox\toolboxes\Data Management Tools.tbx\CopyMultiple" Date="20230824" Time="154355">CopyMultiple "'W:\Projects\Wellcome_Trust\Data Methods Core\Geodatabases\SALURBAL_4_10_23\SALURBAL_L1AD_20230803_Islands.gdb\SALURBAL_L1AD_20230803_Islands' FeatureClass" C:\Users\nmr325\Documents\ArcGIS\Projects\SALURBAL\ForPortal\SALURBAL_L1AD_PublicIDs.gdb SALURBAL_L1AD_20230803_Islands "SALURBAL_L1AD_20230803_Islands FeatureClass SALURBAL_L1AD_20230803_Islands #"</Process><Process ToolSource="c:\program files\arcgis\pro\Resources\ArcToolbox\toolboxes\Data Management Tools.tbx\Rename" Date="20230824" Time="154549">Rename C:\Users\nmr325\Documents\ArcGIS\Projects\SALURBAL\ForPortal\SALURBAL_L1AD_PublicIDs.gdb\SALURBAL_L1AD_20230803_Islands C:\Users\nmr325\Documents\ArcGIS\Projects\SALURBAL\ForPortal\SALURBAL_L1AD_PublicIDs.gdb\SALURBAL_L1AD_WithIslands FeatureClass</Process><Process ToolSource="c:\program files\arcgis\pro\Resources\ArcToolbox\toolboxes\Data Management Tools.tbx\JoinField" Date="20230824" Time="161642">JoinField SALURBAL_L1AD_WithIslands SALID1 xwalk_l1ad.csv salid1 id1 "Select transfer fields" #</Process><Process ToolSource="c:\program files\arcgis\pro\Resources\ArcToolbox\toolboxes\Data Management Tools.tbx\DeleteField" Date="20230824" Time="161729">DeleteField SALURBAL_L1AD_WithIslands SALID1 "Delete Fields"</Process><Process ToolSource="c:\program files\arcgis\pro\Resources\ArcToolbox\toolboxes\Data Management Tools.tbx\Project" Date="20230824" Time="164732">Project SALURBAL_L1AD_WithIslands C:\Users\nmr325\Documents\ArcGIS\Projects\SALURBAL\SALURBAL.gdb\SALURBAL_L1AD_WithIslands_PublicIDs GEOGCS["GCS_WGS_1984",DATUM["D_WGS_1984",SPHEROID["WGS_1984",6378137.0,298.257223563]],PRIMEM["Greenwich",0.0],UNIT["Degree",0.0174532925199433]] # PROJCS["Sphere_Eckert_IV",GEOGCS["GCS_Sphere",DATUM["D_Sphere",SPHEROID["Sphere",6371000.0,0.0]],PRIMEM["Greenwich",0.0],UNIT["Degree",0.0174532925199433]],PROJECTION["Eckert_IV"],PARAMETER["False_Easting",0.0],PARAMETER["False_Northing",0.0],PARAMETER["Central_Meridian",0.0],UNIT["Meter",1.0]] NO_PRESERVE_SHAPE # NO_VERTICAL</Process><Process ToolSource="c:\program files\arcgis\pro\Resources\ArcToolbox\toolboxes\Data Management Tools.tbx\CopyMultiple" Date="20230824" Time="164747">CopyMultiple "C:\Users\nmr325\Documents\ArcGIS\Projects\SALURBAL\SALURBAL.gdb\SALURBAL_L1AD_WithIslands_PublicIDs FeatureClass" C:\Users\nmr325\Documents\ArcGIS\Projects\SALURBAL\ForPortal\SALURBAL_L1AD_PublicIDs.gdb SALURBAL_L1AD_WithIslands_PublicIDs "SALURBAL_L1AD_WithIslands_PublicIDs FeatureClass SALURBAL_L1AD_WithIslands_PublicIDs #"</Process><Process ToolSource="c:\program files\arcgis\pro\Resources\ArcToolbox\toolboxes\Data Management Tools.tbx\UpdateSchema" Date="20230825" Time="105613">UpdateSchema "CIMDATA=&lt;CIMStandardDataConnection xsi:type='typens:CIMStandardDataConnection' xmlns:xsi='http://www.w3.org/2001/XMLSchema-instance' xmlns:xs='http://www.w3.org/2001/XMLSchema' xmlns:typens='http://www.esri.com/schemas/ArcGIS/3.1.0'&gt;&lt;WorkspaceConnectionString&gt;DATABASE=C:\Users\nmr325\Documents\ArcGIS\Projects\SALURBAL\ForPortal\SALURBAL_L1AD_PublicIDs.gdb&lt;/WorkspaceConnectionString&gt;&lt;WorkspaceFactory&gt;FileGDB&lt;/WorkspaceFactory&gt;&lt;Dataset&gt;SALURBAL_L1AD_WithIslands_PublicIDs&lt;/Dataset&gt;&lt;DatasetType&gt;esriDTFeatureClass&lt;/DatasetType&gt;&lt;/CIMStandardDataConnection&gt;" &lt;operationSequence&gt;&lt;workflow&gt;&lt;AlterField&gt;&lt;field_name&gt;id1&lt;/field_name&gt;&lt;new_field_name&gt;PUBSALID1&lt;/new_field_name&gt;&lt;field_alias&gt;PUBSALID1&lt;/field_alias&gt;&lt;field_is_nullable&gt;True&lt;/field_is_nullable&gt;&lt;clear_field_alias&gt;False&lt;/clear_field_alias&gt;&lt;/AlterField&gt;&lt;/workflow&gt;&lt;/operationSequence&gt;</Process><Process ToolSource="c:\program files\arcgis\pro\Resources\ArcToolbox\toolboxes\Conversion Tools.tbx\ExportFeatures" Date="20230825" Time="110305">ExportFeatures C:\Users\nmr325\Documents\ArcGIS\Projects\SALURBAL\ForPortal\SALURBAL_L1AD_PublicIDs.gdb\SALURBAL_L1AD_WithIslands_PublicIDs C:\Users\nmr325\Documents\ArcGIS\Projects\SALURBAL\ForPortal\SALURBAL_L1AD_WithIslands_Shp\SALURBAL_L1AD_WithIslands_PublicIDs.shp # NOT_USE_ALIAS "L1NAME "L1NAME" true true false 50 Text 0 0,First,#,C:\Users\nmr325\Documents\ArcGIS\Projects\SALURBAL\ForPortal\SALURBAL_L1AD_PublicIDs.gdb\SALURBAL_L1AD_WithIslands_PublicIDs,L1NAME,0,50;L1NAME2 "L1NAME2" true true false 255 Text 0 0,First,#,C:\Users\nmr325\Documents\ArcGIS\Projects\SALURBAL\ForPortal\SALURBAL_L1AD_PublicIDs.gdb\SALURBAL_L1AD_WithIslands_PublicIDs,L1NAME2,0,255;ADM1LOCID "ADM1LOCALID" true true false 254 Text 0 0,First,#,C:\Users\nmr325\Documents\ArcGIS\Projects\SALURBAL\ForPortal\SALURBAL_L1AD_PublicIDs.gdb\SALURBAL_L1AD_WithIslands_PublicIDs,ADM1LOCID,0,254;ADM1NAME "ADM1NAME" true true false 254 Text 0 0,First,#,C:\Users\nmr325\Documents\ArcGIS\Projects\SALURBAL\ForPortal\SALURBAL_L1AD_PublicIDs.gdb\SALURBAL_L1AD_WithIslands_PublicIDs,ADM1NAME,0,254;COUNTRYAB "COUNTRYAB" true true false 2 Text 0 0,First,#,C:\Users\nmr325\Documents\ArcGIS\Projects\SALURBAL\ForPortal\SALURBAL_L1AD_PublicIDs.gdb\SALURBAL_L1AD_WithIslands_PublicIDs,COUNTRYAB,0,2;CTRY_SALID "COUNTRY_SALID" true true false 4 Long 0 0,First,#,C:\Users\nmr325\Documents\ArcGIS\Projects\SALURBAL\ForPortal\SALURBAL_L1AD_PublicIDs.gdb\SALURBAL_L1AD_WithIslands_PublicIDs,CTRY_SALID,-1,-1;ADM1TYPE "ADM1TYPE" true true false 20 Text 0 0,First,#,C:\Users\nmr325\Documents\ArcGIS\Projects\SALURBAL\ForPortal\SALURBAL_L1AD_PublicIDs.gdb\SALURBAL_L1AD_WithIslands_PublicIDs,ADM1TYPE,0,20;ADM2NAME "ADM2NAME" true true false 50 Text 0 0,First,#,C:\Users\nmr325\Documents\ArcGIS\Projects\SALURBAL\ForPortal\SALURBAL_L1AD_PublicIDs.gdb\SALURBAL_L1AD_WithIslands_PublicIDs,ADM2NAME,0,50;PUBSALID1 "PUBSALID1" true true false 4 Long 0 0,First,#,C:\Users\nmr325\Documents\ArcGIS\Projects\SALURBAL\ForPortal\SALURBAL_L1AD_PublicIDs.gdb\SALURBAL_L1AD_WithIslands_PublicIDs,PUBSALID1,-1,-1;Shape_Length "Shape_Length" false true true 8 Double 0 0,First,#,C:\Users\nmr325\Documents\ArcGIS\Projects\SALURBAL\ForPortal\SALURBAL_L1AD_PublicIDs.gdb\SALURBAL_L1AD_WithIslands_PublicIDs,Shape_Length,-1,-1;Shape_Area "Shape_Area" false true true 8 Double 0 0,First,#,C:\Users\nmr325\Documents\ArcGIS\Projects\SALURBAL\ForPortal\SALURBAL_L1AD_PublicIDs.gdb\SALURBAL_L1AD_WithIslands_PublicIDs,Shape_Area,-1,-1" #</Process></lineage><itemProps><itemLocation><linkage Sync="TRUE">file://\\SOPH-U725-WD01\C\Users\nmr325\Documents\ArcGIS\Projects\SALURBAL\ForPortal\SALURBAL_L1AD_WithIslands_Shp\SALURBAL_L1AD_WithIslands_PublicIDs.shp</linkage><protocol Sync="TRUE">Local Area Network</protocol></itemLocation><itemName Sync="TRUE">SALURBAL_L1AD_WithIslands_PublicIDs</itemName><imsContentType Sync="TRUE">002</imsContentType><nativeExtBox><westBL Sync="TRUE">-10556166.283198</westBL><eastBL Sync="TRUE">-2638940.711892</eastBL><southBL Sync="TRUE">-6499386.670795</southBL><northBL Sync="TRUE">4165521.889665</northBL><exTypeCode Sync="TRUE">1</exTypeCode></nativeExtBox><itemSize Sync="TRUE">0.000</itemSize></itemProps><coordRef><type Sync="TRUE">Geographic</type><geogcsn Sync="TRUE">GCS_WGS_1984</geogcsn><csUnits Sync="TRUE">Angular Unit: Degree (0.017453)</csUnits><peXml Sync="TRUE">&lt;GeographicCoordinateSystem xsi:type='typens:GeographicCoordinateSystem' xmlns:xsi='http://www.w3.org/2001/XMLSchema-instance' xmlns:xs='http://www.w3.org/2001/XMLSchema' xmlns:typens='http://www.esri.com/schemas/ArcGIS/3.1.0'&gt;&lt;WKT&gt;GEOGCS[&amp;quot;GCS_WGS_1984&amp;quot;,DATUM[&amp;quot;D_WGS_1984&amp;quot;,SPHEROID[&amp;quot;WGS_1984&amp;quot;,6378137.0,298.257223563]],PRIMEM[&amp;quot;Greenwich&amp;quot;,0.0],UNIT[&amp;quot;Degree&amp;quot;,0.0174532925199433],AUTHORITY[&amp;quot;EPSG&amp;quot;,4326]]&lt;/WKT&gt;&lt;XOrigin&gt;-400&lt;/XOrigin&gt;&lt;YOrigin&gt;-400&lt;/YOrigin&gt;&lt;XYScale&gt;11258999068426.238&lt;/XYScale&gt;&lt;ZOrigin&gt;-100000&lt;/ZOrigin&gt;&lt;ZScale&gt;10000&lt;/ZScale&gt;&lt;MOrigin&gt;-100000&lt;/MOrigin&gt;&lt;MScale&gt;10000&lt;/MScale&gt;&lt;XYTolerance&gt;8.983152841195215e-09&lt;/XYTolerance&gt;&lt;ZTolerance&gt;0.001&lt;/ZTolerance&gt;&lt;MTolerance&gt;0.001&lt;/MTolerance&gt;&lt;HighPrecision&gt;true&lt;/HighPrecision&gt;&lt;LeftLongitude&gt;-180&lt;/LeftLongitude&gt;&lt;WKID&gt;4326&lt;/WKID&gt;&lt;LatestWKID&gt;4326&lt;/LatestWKID&gt;&lt;/GeographicCoordinateSystem&gt;</peXml></coordRef></DataProperties><SyncDate>20230825</SyncDate><SyncTime>11030400</SyncTime><ModDate>20230825</ModDate><ModTime>11030400</ModTime><scaleRange><minScale>150000000</minScale><maxScale>5000</maxScale></scaleRange><ArcGISProfile>ItemDescription</ArcGISProfile></Esri><dataIdInfo><envirDesc Sync="TRUE">Microsoft Windows 10 Version 10.0 (Build 19045) ; Esri ArcGIS 13.1.2.41833</envirDesc><dataLang><languageCode value="eng" Sync="TRUE"/><countryCode value="USA" Sync="TRUE"/></dataLang><idCitation><resTitle Sync="TRUE">SALURBAL_L1AD_WithIslands_PublicIDs</resTitle><presForm><PresFormCd value="005" Sync="TRUE"/></presForm></idCitation><spatRpType><SpatRepTypCd value="001" Sync="TRUE"/></spatRpType><dataExt><geoEle xmlns=""><GeoBndBox esriExtentType="search"><exTypeCode Sync="TRUE">1</exTypeCode><westBL Sync="TRUE">-137.162811</westBL><eastBL Sync="TRUE">-28.103289</eastBL><northBL Sync="TRUE">32.718654</northBL><southBL Sync="TRUE">-54.499920</southBL></GeoBndBox></geoEle></dataExt><idPurp>SALURBAL Level 2 areas</idPurp><idAbs>&lt;DIV STYLE="text-align:Left;"&gt;&lt;DIV&gt;&lt;DIV&gt;&lt;P&gt;&lt;SPAN&gt;Level 2 areas are areas with available aggregated health data. Boundaries are from authoritative sources from around the time of each country's most recent census. &lt;/SPAN&gt;&lt;/P&gt;&lt;P&gt;&lt;SPAN&gt;8/3/23 Topology corrected to remove overlaps and vertex outliers from SALURBAL_1_4_21\SALURBAL_L2_1_4_21.gdb\SALURBAL_L2_7_6_21; &lt;/SPAN&gt;&lt;/P&gt;&lt;P&gt;&lt;SPAN&gt;7/6/2021 Corrections made to L2NAME2; 5/4/2021 EXCLD_BE_MSRS added to indicate areas where L3 built and natural environment measures should be excluded;1/22/2021 Alternate L2 Names added as L2NAME2. &lt;/SPAN&gt;&lt;/P&gt;&lt;/DIV&gt;&lt;/DIV&gt;&lt;/DIV&gt;</idAbs><idCredit>SALURBAL Urban Health Collaborative Dornsife School of Public Health Drexel University</idCredit><searchKeys><keyword>Urban Health</keyword><keyword>Latin America</keyword></searchKeys></dataIdInfo><mdLang><languageCode value="eng" Sync="TRUE"/><countryCode value="USA" Sync="TRUE"/></mdLang><distInfo><distFormat><formatName Sync="TRUE">Shapefile</formatName></distFormat><distTranOps><transSize Sync="TRUE">0.000</transSize></distTranOps></distInfo><mdHrLv><ScopeCd value="005" Sync="TRUE"/></mdHrLv><mdHrLvName Sync="TRUE">dataset</mdHrLvName><refSysInfo><RefSystem><refSysID><identCode code="4326" Sync="TRUE"/><idCodeSpace Sync="TRUE">EPSG</idCodeSpace><idVersion Sync="TRUE">6.2(3.0.1)</idVersion></refSysID></RefSystem></refSysInfo><spatRepInfo><VectSpatRep><geometObjs Name="SALURBAL_L1AD_WithIslands_PublicIDs"><geoObjTyp><GeoObjTypCd value="002" Sync="TRUE"></GeoObjTypCd></geoObjTyp><geoObjCnt Sync="TRUE">0</geoObjCnt></geometObjs><topLvl><TopoLevCd value="001" Sync="TRUE"></TopoLevCd></topLvl></VectSpatRep></spatRepInfo><spdoinfo><ptvctinf><esriterm Name="SALURBAL_L1AD_WithIslands_PublicIDs"><efeatyp Sync="TRUE">Simple</efeatyp><efeageom code="4" Sync="TRUE"></efeageom><esritopo Sync="TRUE">FALSE</esritopo><efeacnt Sync="TRUE">0</efeacnt><spindex Sync="TRUE">FALSE</spindex><linrefer Sync="TRUE">FALSE</linrefer></esriterm></ptvctinf></spdoinfo><eainfo><detailed Name="SALURBAL_L1AD_WithIslands_PublicIDs"><enttyp><enttypl Sync="TRUE">SALURBAL_L1AD_WithIslands_PublicIDs</enttypl><enttypt Sync="TRUE">Feature Class</enttypt><enttypc Sync="TRUE">0</enttypc></enttyp><attr><attrlabl Sync="TRUE">FID</attrlabl><attalias Sync="TRUE">FID</attalias><attrtype Sync="TRUE">OID</attrtype><attwidth Sync="TRUE">4</attwidth><atprecis Sync="TRUE">0</atprecis><attscale Sync="TRUE">0</attscale><attrdef Sync="TRUE">Internal feature number.</attrdef><attrdefs Sync="TRUE">Esri</attrdefs><attrdomv><udom Sync="TRUE">Sequential unique whole numbers that are automatically generated.</udom></attrdomv></attr><attr><attrlabl Sync="TRUE">Shape</attrlabl><attalias Sync="TRUE">Shape</attalias><attrtype Sync="TRUE">Geometry</attrtype><attwidth Sync="TRUE">0</attwidth><atprecis Sync="TRUE">0</atprecis><attscale Sync="TRUE">0</attscale><attrdef Sync="TRUE">Feature geometry.</attrdef><attrdefs Sync="TRUE">Esri</attrdefs><attrdomv><udom Sync="TRUE">Coordinates defining the features.</udom></attrdomv></attr><attr><attrlabl Sync="TRUE">L1NAME</attrlabl><attalias Sync="TRUE">L1NAME</attalias><attrtype Sync="TRUE">String</attrtype><attwidth Sync="TRUE">50</attwidth><atprecis Sync="TRUE">0</atprecis><attscale Sync="TRUE">0</attscale></attr><attr><attrlabl Sync="TRUE">L1NAME2</attrlabl><attalias Sync="TRUE">L1NAME2</attalias><attrtype Sync="TRUE">String</attrtype><attwidth Sync="TRUE">254</attwidth><atprecis Sync="TRUE">0</atprecis><attscale Sync="TRUE">0</attscale></attr><attr><attrlabl Sync="TRUE">ADM1LOCID</attrlabl><attalias Sync="TRUE">ADM1LOCID</attalias><attrtype Sync="TRUE">String</attrtype><attwidth Sync="TRUE">254</attwidth><atprecis Sync="TRUE">0</atprecis><attscale Sync="TRUE">0</attscale></attr><attr><attrlabl Sync="TRUE">ADM1NAME</attrlabl><attalias Sync="TRUE">ADM1NAME</attalias><attrtype Sync="TRUE">String</attrtype><attwidth Sync="TRUE">254</attwidth><atprecis Sync="TRUE">0</atprecis><attscale Sync="TRUE">0</attscale></attr><attr><attrlabl Sync="TRUE">COUNTRYAB</attrlabl><attalias Sync="TRUE">COUNTRYAB</attalias><attrtype Sync="TRUE">String</attrtype><attwidth Sync="TRUE">2</attwidth><atprecis Sync="TRUE">0</atprecis><attscale Sync="TRUE">0</attscale></attr><attr><attrlabl Sync="TRUE">CTRY_SALID</attrlabl><attalias Sync="TRUE">CTRY_SALID</attalias><attrtype Sync="TRUE">Integer</attrtype><attwidth Sync="TRUE">10</attwidth><atprecis Sync="TRUE">10</atprecis><attscale Sync="TRUE">0</attscale></attr><attr><attrlabl Sync="TRUE">ADM1TYPE</attrlabl><attalias Sync="TRUE">ADM1TYPE</attalias><attrtype Sync="TRUE">String</attrtype><attwidth Sync="TRUE">20</attwidth><atprecis Sync="TRUE">0</atprecis><attscale Sync="TRUE">0</attscale></attr><attr><attrlabl Sync="TRUE">ADM2NAME</attrlabl><attalias Sync="TRUE">ADM2NAME</attalias><attrtype Sync="TRUE">String</attrtype><attwidth Sync="TRUE">50</attwidth><atprecis Sync="TRUE">0</atprecis><attscale Sync="TRUE">0</attscale></attr><attr><attrlabl Sync="TRUE">PUBSALID1</attrlabl><attalias Sync="TRUE">PUBSALID1</attalias><attrtype Sync="TRUE">Integer</attrtype><attwidth Sync="TRUE">10</attwidth><atprecis Sync="TRUE">10</atprecis><attscale Sync="TRUE">0</attscale></attr><attr><attrlabl Sync="TRUE">Shape_Leng</attrlabl><attalias Sync="TRUE">Shape_Leng</attalias><attrtype Sync="TRUE">Double</attrtype><attwidth Sync="TRUE">19</attwidth><atprecis Sync="TRUE">0</atprecis><attscale Sync="TRUE">0</attscale></attr><attr><attrlabl Sync="TRUE">Shape_Area</attrlabl><attalias Sync="TRUE">Shape_Area</attalias><attrtype Sync="TRUE">Double</attrtype><attwidth Sync="TRUE">19</attwidth><atprecis Sync="TRUE">0</atprecis><attscale Sync="TRUE">0</attscale><attrdef Sync="TRUE">Area of feature in internal units squared.</attrdef><attrdefs Sync="TRUE">Esri</attrdefs><attrdomv><udom Sync="TRUE">Positive real numbers that are automatically generated.</udom></attrdomv></attr></detailed></eainfo><mdDateSt Sync="TRUE">20230825</mdDateSt></metadata>
